"«Корунд-М», ЗАО","""Korund-M"", CJSC",Москва,Россия,Moscow,Russia,Стенд: 1A5-3,Stand: 1A5-3
"«Красная звезда», газета Вооруженных Сил Российской Федерации","Krasnaya Zvezda, newspaper of the Armed Forces of the Russian Federation",Москва,Россия,Moscow,Russia,Стенд: 4F2-1,Stand: 4F2-1
AGE DEFENSE SOLUTIONS,AGE DEFENSE SOLUTIONS,Стамбул,Россия,Istanbul,Russia,Стенд: 3B2-3,Stand: 3B2-3
ExpoElectronica/ElectronTechExpo,ExpoElectronica/ElectronTechExpo,Москва,Россия,Moscow,Russia,Стенд: 4Е5-2,Stand: 4E5-2
Flour Mills of Nigeria,Flour Mills of Nigeria,Москва,Россия,Moscow,Russia,Стенд: 4C3,Stand: 4C3
IRAN AIRSHOW COMPANY,IRAN AIRSHOW COMPANY,,Иран,,Iran,Стенд: 3B1-4,Stand: 3B1-4
iRU,iRU,Красногорск,Россия,Krasnogorsk,Russia,Стенд: 1B1-4,Stand: 1B1-4
KUBO,KUBO,Санкт-Петербург,Россия,Saint-Petersburg,Russia,Стенд: 1A3-6,Stand: 1A3-6
Media Transasia,Media Transasia,,Тайланд,,Thailand,Стенд: 2F2-2,Stand: 2F2-2
MILEX Выставка (БелЭкспо),MILEX Exhibition (BelExpo),Минск,Беларусь,Minsk,Belarus,Стенд: 2B1-1,Stand: 2B1-1
Mr.President,Mr President,Екатеринбург,Россия,Yekaterinburg,Russia,,
National Pavilion of Iran MoD ,National Pavilion of Iran MoD ,,Иран,,Iran,,
Nigerian Breweries,Nigerian Breweries,,Нигерия,,Nigeria,,
ORSIS (ООО «ПРОМТЕХНОЛОГИЯ»),ORSIS (PROMTECHNOLOGIA LLC),Москва,Россия,Moscow,Russia,Стенд: 2E3-1,Stand: 2E3-1
Sputnik,Sputnik,Москва,Россия,Moscow,Russia,Стенд: 4E1,Stand: 4E1
UM-Forest мульчеры,UM-Forest mulchers,Пермь,Россия,Perm,Russia,,
UM-Forest мульчеры,UM-Forest mulchers,Пермь,Россия,Perm,Russia,,
XiaoCheung (Cyber Smart Limited),Xiao Cheung (Cyber Smart Limited),,Китайская народная республика,,People's Republic of China,Стенд: 4F2-6,Stand: 4F2-6
ZALA AERO GROUP,ZALA AERO GROUP,Москва,Россия,Moscow,Russia,Стенд: 2B5-2,Stand: 2B5-2
"АБ «РОССИЯ», АО","JSB ""RUSSIA"", JSC",Санкт-Петербург,Россия,Saint-Petersburg,Russia,Стенд: 2D4-2,Stand: 2D4-2
Абтроникс,Abtronics,Москва,Россия,Moscow,Russia,Стенд: Заочно,Stand: In absentia
АВ Пауэр (AV Power),AV Power (AV Power),Москва,Россия,Moscow,Russia,Стенд: 3A1-5,Stand: 3A1-5
Авангард,Vanguard,Москва,Россия,Moscow,Russia,"Стенд: 3C1, 2O5","Stand: 3C1, 2O5"
"Авангард, АО","Avangard, AO",Сафоново,Россия,Safonovo,Russia,Стенд: Демоцентр,Stand: Democenter
Авантех,Avantech,Санкт-Петербург,Россия,Saint-Petersburg,Russia,Стенд: 1A6-4,Stand: 1A6-4
"Авексима, ОАО","Aveksima, JSC",Москва,Россия,Moscow,Russia,Стенд: 4B6-1,Stand: 4B6-1
"Авиаавтоматика им. В.В .Тарасова, АО","Aviaavtomatika them. V.V. Tarasova, JSC",Курск,Россия,Kursk,Russia,Стенд: 4O1,Stand: 4O1
"АВИАМЕТИЗ, ООО","AVIAMETIZ, OOO",Пенза,Россия,Penza,Russia,Стенд: 1F3-3,Stand: 1F3-3
"Авиационный комплекс им. С.В. Ильюшина, ПАО","Aviation Complex. S.V. Ilyushin, PAO",Москва,Россия,Moscow,Russia,Стенд: Демоцентр,Stand: Democenter
Авиация и спорт,Aviation and sports,Королев,Россия,Korolev,Russia,Стенд: 1F3-1,Stand: 1F3-1
АВИВ,AVIV,Москва,Россия,Moscow,Russia,Стенд: 3F2-2,Stand: 3F2-2
"Автодом, ООО","Avtodom, OOO",Ульяновск,Россия,Ulyanovsk,Russia,Стенд: 5O14,Stand: 5O14
"Автомастер, ООО","Avtomaster, OOO",Нижний Новгород,Россия,Nizhny Novgorod,Russia,Стенд: 2O9,Stand: 2O9
"Автоматизированная система торгов государственного оборонного заказа, ООО","Automated bidding system of the state defense order, LLC",Москва,Россия,Moscow,Russia,Стенд: 4D6,Stand: 4D6
"Автомобильный завод «УРАЛ», АО","Automobile plant ""URAL"", JSC",Миасс,Россия,Miass,Russia,"Стенд: 2O1, 5O15","Stand: 2O1, 5O15"
"Автономные системы, ООО","Autonomous systems, LLC",,Россия,,Russia,Стенд: 3A5-3,Stand: 3A5-3
"АВТОУСЛУГИ, ООО",AUTOSERVICES LLC,Павлово,Россия,Pavlovo,Russia,Стенд: 5O22,Stand: 5O22
"Автофургон, ООО","Avtofurgon, OOO",,Россия,,Russia,Стенд: 5O3,Stand: 5O3
"АГАТ-системы управления, ОАО","AGAT-control systems, JSC",Минск,Беларусь,Minsk,Belarus,Стенд: 2D1,Stand: 2D1
"Агат-электромеханический завод, ОАО","Agat-electromechanical plant, OJSC",Минск,Беларусь,Minsk,Belarus,,
"Агат, Гаврилов-Ямский машиностроительный завод","Agat, Gavrilov-Yamsky Machine-Building Plant",Гаврилов-Ям,Россия,Gavrilov-Yam,Russia,Стенд: 3B4-1,Stand: 3B4-1
Агентство «Эмерком»,"Agency ""Emercom""",,Россия,,Russia,Стенд: 5C1-2,Stand: 5C1-2
Агентство инновационного развития Ульяновской области,Agency for Innovative Development of the Ulyanovsk Region,Димитровград,Россия,Dimitrovgrad,Russia,Стенд: 3A4-3,Stand: 3A4-3
Агентство международного сотрудничества Челябинской области,Agency for International Cooperation of the Chelyabinsk Region,,Россия,,Russia,Стенд: 1O6,Stand: 1O6
"Агрегат, ПАО","Unit, PAO",Сим,Россия,Sim,Russia,"Стенд: 3B4-1, 5C2-2","Stand: 3B4-1, 5C2-2"
АДВАНТЕХ,ADVANTECH,Москва,Россия,Moscow,Russia,Стенд: 1F2-2,Stand: 1F2-2
"АДДИТИВНЫЕ ТЕХНОЛОГИИ, Журнал","ADDITIVE TECHNOLOGIES, Journal",Москва,Россия,Moscow,Russia,Стенд: 1F3-11,Stand: 1F3-11
"Адмиралтейские верфи, АО",Admiralty Shipyards JSC,Санкт-Петербург,Россия,Saint-Petersburg,Russia,Стенд: Демоцентр,Stand: Democenter
"Адриа Винч Зеленодольск, ООО","Adria Vinch Zelenodolsk, OOO",,Россия,,Russia,Стенд: 3D6,Stand: 3D6
"Азарт, ООО","Azart, OOO",Ленинградская обл.,Россия,Leningrad region,Russia,Стенд: 3O13,Stand: 3O13
Азон,Azon,Москва,Россия,Moscow,Russia,Стенд: 1A5-2,Stand: 1A5-2
"АИ ОПК, ООО","AI OPK, OOO",Москва,Россия,Moscow,Russia,Стенд: 4F2-4,Stand: 4F2-4
АйСиЭл Техно,iciel techno,Усады,Россия,Usady,Russia,Стенд: 1E4-2,Stand: 1E4-2
"АК «РУБИН», ПАО","JSC ""RUBIN"", PJSC",Балашиха,Россия,Balashikha,Russia,Стенд: 2E4-2,Stand: 2E4-2
Академия наук Респукблики Татарстан,Academy of Sciences of the Republic of Tatarstan,Казань,Россия,Kazan,Russia,,
"АКИН, АО","AKIN, JSC",Москва,Россия,Moscow,Russia,Стенд: 3C7,Stand: 3C7
Аккумуляторная компания «Ригель»,"Battery company ""Rigel""",Санкт-Петербург,Россия,Saint-Petersburg,Russia,Стенд: 3E5-4,Stand: 3E5-4
"АКРОСПОРТ, ООО",AKROSPORT LLC,Санкт-Петербург,Россия,Saint-Petersburg,Russia,Стенд: 1B8-2,Stand: 1B8-2
Акционерное общество «Научно-производственное объединение «Радиозавод имени А.С. Попова»,"Joint Stock Company ""Scientific and Production Association"" Radio Plant named after A.S. Popov""",Москва,Россия,Moscow,Russia,Стенд: 1D5,Stand: 1D5
"АЛЕКСАНДЕР ЭЛЕКТРИК источники электропитания, ООО","ALEXANDER ELECTRIC power sources, LLC",Москва,Россия,Moscow,Russia,Стенд: 1F4-7,Stand: 1F4-7
"АЛЕКСАНДР, ООО, НПП","ALEXANDER, OOO, NPP",Москва,Россия,Moscow,Russia,Стенд: 1D3-2,Stand: 1D3-2
"Алкор Био, ООО","Alkor Bio, OOO",Санкт-Петербург,Россия,Saint-Petersburg,Russia,Стенд: 5С3,Stand: 5S3
"Алмаз - Антей, Концерн воздушно-космической обороны, Акционерное общество","Almaz - Antey, Aerospace Defense Concern, Joint Stock Company",Москва,Россия,Moscow,Russia,"Стенд: 3C1, 2O5","Stand: 3C1, 2O5"
"АЛТАЙТРАНСМАШ-СЕРВИС, ООО","ALTAITRANSMASH-SERVICE, LLC",Рубцовск,Россия,Rubtsovsk,Russia,Стенд: Заочно,Stand: In absentia
"Альвис, НТО","Alvis, NTO",Тула,Россия,Tula,Russia,Стенд: 3A5-1,Stand: 3A5-1
АЛЬФА,ALPHA,Тверь,Россия,Tver,Russia,Стенд: 3B6-1,Stand: 3B6-1
Алюмика,Alumica,Тверь,Россия,Tver,Russia,Стенд: 3B6-1,Stand: 3B6-1
Амкодор-Брянск,Amkodor-Bryansk,,Россия,,Russia,Стенд: 5O19,Stand: 5O19
АмперМагнит,AmpMagnet,Москва,Россия,Moscow,Russia,Стенд: 1B9,Stand: 1B9
"Амурский завод «ВЫМПЕЛ» им. П.В. Финогенова, ФКП","Amur plant ""VIMPEL"" them. P.V. Finogenova, FKP",Амурск,Россия,Amursk,Russia,Стенд: Заочно,Stand: In absentia
АНАЛИТИК ТИР,ANALYST TIR,Москва,Россия,Moscow,Russia,Стенд: 2B7-2,Stand: 2B7-2
"Аналитические издания оборонно-промышленного комплекса, ООО","Analytical publications of the military-industrial complex, LLC",,Россия,,Russia,Стенд: 4F2-4,Stand: 4F2-4
"Анатомика, ООО","Anatomika, OOO",Казань,Россия,Kazan,Russia,Стенд: 5С3,Stand: 5S3
АНО «Индустрия безопасности»,ANO Security Industry,Москва,Россия,Moscow,Russia,,
"АНО ДПО ""Академия ПСБ""","ANO DPO ""PSB Academy""",Москва,Россия,Moscow,Russia,,
АО «Мценский завод «Коммаш»,JSC Mtsensk Plant Kommash,Мценск,Россия,Mtsensk,Russia,Стенд: Заочно,Stand: In absentia
"Априори, ПТК","Apriori, PTK",Москва,Россия,Moscow,Russia,Стенд: 3A4-1,Stand: 3A4-1
АРГ Интернейшнл,ARG International,,Россия,,Russia,Стенд: 2F2-1,Stand: 2F2-1
АРМИЯ ДЕВОЧЕК,ARMY GIRLS,Волоколамск,Россия,Volokolamsk,Russia,Стенд: 4F3-1,Stand: 4F3-1
АРМОКОМ,ARMOCOM,Хотьково,Россия,Khotkovo,Russia,Стенд: 2E2-3,Stand: 2E2-3
"АРСЕНАЛ ОТЕЧЕСТВА, ИНФОРМАЦИОННО-АНАЛИТИЧЕСКИЙ ЖУРНАЛ","ARSENAL OF THE FATHERLAND, INFORMATION AND ANALYTICAL JOURNAL",Москва,Россия,Moscow,Russia,Стенд: 1F1-3,Stand: 1F1-3
Арсенал. Военно-промышленное обозрение,Arsenal. Military Industrial Review,Москва,Россия,Moscow,Russia,Стенд: 4F2-10,Stand: 4F2-10
АРХОНТ ООО,ARCHON LTD,Санкт-Петербург,Россия,Saint-Petersburg,Russia,Стенд: 2B4-2,Stand: 2B4-2
АСД-КОМПОЗИТ,ASD-COMPOSITE,Тольятти,Россия,Tolyatti,Russia,Стенд: 3B1-1,Stand: 3B1-1
АСКОН,ASCON,Санкт-Петербург,Россия,Saint-Petersburg,Russia,Стенд: 3B9,Stand: 3B9
Ассоциация «Доверенная платформа»,Trusted Platform Association,Москва,Россия,Moscow,Russia,Стенд: 5А6,Stand: 5A6
Ассоциация развития аддитивных технологий,Association for the Development of Additive Technologies,Москва,Россия,Moscow,Russia,Стенд: 2O12,Stand: 2O12
"АСТЕЙС, АО",ASTEYS JSC,Набережные Челны,Россия,Naberezhnye Chelny,Russia,Стенд: 3O5,Stand: 3O5
"Астра, НПЦ","Astra, NPC",Уфа,Россия,Ufa,Russia,Стенд: 5С3,Stand: 5S3
АСТРОН ОКБ АО,ASTRON OKB JSC,Лыткарино,Россия,Lytkarino,Russia,Стенд: 2C3-2,Stand: 2C3-2
"АТ, ООО","AT, OOO",Санкт-Петербург,Россия,Saint-Petersburg,Russia,Стенд: 1B6-3,Stand: 1B6-3
АТЛАНТ ПК,ATLANT PC,Москва,Россия,Moscow,Russia,Стенд: 4A1-3,Stand: 4A1-3
"Атлант, АО","Atlant, AO",Изобильный,Россия,Izobilny,Russia,Стенд: 2B3-1,Stand: 2B3-1
"Атомэнергопром, АО",Atomenergoprom JSC,Москва,Россия,Moscow,Russia,"Стенд: 3D1, 5B6","Stand: 3D1, 5B6"
"Атри, ООО","Atri, OOO",Санкт-Петербург,Россия,Saint-Petersburg,Russia,Стенд: 3C6,Stand: 3C6
"Аэрокон, ООО","Aerocon, OOO",Республика Татарстан,Россия,Republic of Tatarstan,Russia,Стенд: 2F3-10,Stand: 2F3-10
"Аэроприбор-Восход, АО",Aeropribor-Voskhod JSC,Москва,Россия,Moscow,Russia,Стенд: 4O1,Stand: 4O1
Балтекс ООО,Baltex OOO,Балашов,Россия,Balashov,Russia,Стенд: 2A3-1,Stand: 2A3-1
"Балтийский завод, АО",Baltiysky Zavod JSC,Санкт-Петербург,Россия,Saint-Petersburg,Russia,Стенд: Демоцентр,Stand: Democenter
"Банк «Санкт-Петербург», ПАО","Bank Saint Petersburg, PJSC",Санкт-Петербург,Россия,Saint-Petersburg,Russia,,
БАНК ВТБ (ПАО),VTB BANK (PJSC),Санкт-Петербург,Россия,Saint-Petersburg,Russia,Стенд: 2D6,Stand: 2D6
"Барнаульский патронный завод, АО",Barnaul Cartridge Plant JSC,Барнаул,Россия,Barnaul,Russia,Стенд: 2A4-2,Stand: 2A4-2
БГТУ «ВОЕНМЕХ» им. Д.Ф. Устинова,"BSTU ""VOENMEH"" D.F. Ustinov",Санкт-Петербург,Россия,Saint-Petersburg,Russia,Стенд: 1F3-6,Stand: 1F3-6
Безопасность,Safety,,Россия,,Russia,Стенд: 1F1-5,Stand: 1F1-5
БелОМО,BelOMO,,Беларусь,,Belarus,Стенд: 2D2-6,Stand: 2D2-6
Белорусский государственный университет информатики и радиоэлектроники,Belarusian State University of Informatics and Radioelectronics,Минск,Беларусь,Minsk,Belarus,Стенд: 1A6-0,Stand: 1A6-0
"Белспецвнештехника, ГВТУП","Belspetsvneshtechnika, GVTUP",Минск,Беларусь,Minsk,Belarus,Стенд: 2D1,Stand: 2D1
"Белтехэкспорт, ЗАО","Beltehexport, CJSC",Минск,Беларусь,Minsk,Belarus,Стенд: 2D1,Stand: 2D1
Би Питрон,Bee Pitron,Санкт-Петербург,Россия,Saint-Petersburg,Russia,Стенд: 1B3-1,Stand: 1B3-1
"БИОМЕДИКАЛ ПРОДАКШН, ООО (ООО «БМП»)","BIOMEDICAL PRODUCTION, LLC (BMP LLC)",Дубна,Россия,Dubna,Russia,Стенд: 5С3,Stand: 5S3
БИОТЕКФАРМ,BIOTEKPHARM,Москва,Россия,Moscow,Russia,Стенд: 5С2,Stand: 5S2
"БОРИСФЕН, АО",BORISFEN JSC,Москва,Россия,Moscow,Russia,Стенд: 1B10,Stand: 1B10
"Брок-Инвест-Сервис, ЗАО","Brok-Invest-Service, CJSC",Москва,Россия,Moscow,Russia,Стенд: 4E2-2,Stand: 4E2-2
Бронеэлементы Сомова,Armor elements Somov,Москва,Россия,Moscow,Russia,,
"Брянский автомобильный завод, АО","Bryansk Automobile Plant, JSC",Брянск,Россия,Bryansk,Russia,"Стенд: 3C1, 2O5","Stand: 3C1, 2O5"
"БТК групп, АО","BTK group, JSC",Санкт-Петербург,Россия,Saint-Petersburg,Russia,Стенд: 2D5-2,Stand: 2D5-2
"Буревестник, АО ЦНИИ","Burevestnik, JSC Central Research Institute",Нижний Новгород,Россия,Nizhny Novgorod,Russia,Стенд: 3O2,Stand: 3O2
Бурстройпроект ОКБ,Burstroyproject OKB,Москва,Россия,Moscow,Russia,Стенд: 1B2-3,Stand: 1B2-3
"БЭМЗ, АО","BEMZ, JSC",Брянск,Россия,Bryansk,Russia,Стенд: 4O1,Stand: 4O1
"ВАЛТАР, ООО","VALTAR, OOO",Королев,Россия,Korolev,Russia,Стенд: 3A4-8,Stand: 3A4-8
"Вариант-999, ООО","Option-999, OOO",,Россия,,Russia,Стенд: 4B5-5,Stand: 4B5-5
Вездеходы «Бурлак»,"All-terrain vehicles ""Burlak""",Курган,Россия,Kurgan,Russia,Стенд: 2O3,Stand: 2O3
Вездеходы премиум-класса «Север-трак»,"All-terrain vehicles of a premium class ""North-Truck""",Красноярск,Россия,Krasnoyarsk,Russia,Стенд: 5D5,Stand: 5D5
Велес Торговая Компания ООО,Veles Trading Company LLC,Челябинск,Россия,Chelyabinsk,Russia,Стенд: 1O6,Stand: 1O6
"Великолукский Аккумуляторный Завод «Импульс», ООО","Velikoluksky Accumulator Plant ""Impulse"", LLC",Великие Луки,Россия,Velikiye Luki,Russia,Стенд: 3E1-3,Stand: 3E1-3
Венчурный фонд Тверской области,Venture fund of the Tver region,,Россия,,Russia,Стенд: 3B6-1,Stand: 3B6-1
Вертикаль,Vertical,Торжок,Россия,Torzhok,Russia,Стенд: 3B6-1,Stand: 3B6-1
Вертолеты России,Russian Helicopters,Москва,Россия,Moscow,Russia,Стенд: 1O3,Stand: 1O3
Вести Подмосковья,Vesti Podmoskovye,Можайск,Россия,Mozhaisk,Russia,Стенд: Заочно,Stand: In absentia
"Весь Мир, ООО",Whole World Ltd.,Подольск,Россия,Podolsk,Russia,Стенд: 4O4,Stand: 4O4
ВИНТЕО,VINTEO,Краснодар,Россия,Krasnodar,Russia,,
"Вирсеми, ООО","Virsemi, OOO",Ставрополь,Россия,Stavropol,Russia,Стенд: 2F3-7,Stand: 2F3-7
Виртумед,Virtumed,Москва,Россия,Moscow,Russia,Стенд: 4A3-1,Stand: 4A3-1
"ВИТ МЕДИКАЛ, ООО","VIT MEDICAL, OOO",Москва,Россия,Moscow,Russia,Стенд: 5С2,Stand: 5S2
"ВИТАНД КОМПАНИЯ, ООО","VITAND COMPANY, LLC",Москва,Россия,Moscow,Russia,,
"Владимирский Завод Металлорукавов, АО","Vladimirsky Plant of Metal Hose, JSC",Владимир,Россия,Vladimir,Russia,Стенд: 3F4-2,Stand: 3F4-2
"Владимирский Завод Прецизионных Сплавов, АО","Vladimir Plant of Precision Alloys, JSC",Владимир,Россия,Vladimir,Russia,Стенд: 3F4-2,Stand: 3F4-2
"Владимирское производственное объединение «Точмаш», АО","Vladimir Production Association ""Tochmash"", JSC",Владимир,Россия,Vladimir,Russia,"Стенд: 3D1, 5B6","Stand: 3D1, 5B6"
"ВМП «АВИТЕК», АО","VMP ""AVITEK"", JSC",Киров,Россия,Kirov,Russia,"Стенд: 3C1, 2O5","Stand: 3C1, 2O5"
"ВНИИ «Сигнал», АО","VNII ""Signal"", JSC",Ковров,Россия,Kovrov,Russia,Стенд: 3O1,Stand: 3O1
ВНИИ ГОЧС (ФЦ) МЧС России,VNII GOChS (FTs) EMERCOM of Russia,Москва,Россия,Moscow,Russia,Стенд: 5D2,Stand: 5D2
"ВНИИА им. Н.Л. Духова, ФГУП","VNIIA them. N.L. Dukhova, Federal State Unitary Enterprise",Москва,Россия,Moscow,Russia,"Стенд: 3D1, 5B6","Stand: 3D1, 5B6"
"ВНИИКП, ОАО","VNIIKP, OJSC",Москва,Россия,Moscow,Russia,,
"ВНИИОФИ, ФГУП","VNIIOFI, FSUE",Москва,Россия,Moscow,Russia,Стенд: 2B8-5,Stand: 2B8-5
ВНИИР-Прогресс,VNIIR-Progress,Чебоксары,Россия,Cheboksary,Russia,Стенд: 3E3-1,Stand: 3E3-1
"ВНИИР, ФГБУ","VNIIR, FGBU",Мытищи,Россия,Mytishchi,Russia,Стенд: 5В5-3,Stand: 5V5-3
"ВНИИРА, АО",VNIIRA JSC,Санкт-Петербург,Россия,Saint-Petersburg,Russia,"Стенд: 3C1, 2O5","Stand: 3C1, 2O5"
ВНИИТФ,VNIITF,Снежинск,Россия,Snezhinsk,Russia,"Стенд: 3D1, 5B6","Stand: 3D1, 5B6"
"ВНИИФТРИ, ФГУП","VNIIFTRI, Federal State Unitary Enterprise",Солнечногорск,Россия,Solnechnogorsk,Russia,Стенд: 1B7-1,Stand: 1B7-1
Военная информационная группа Mil.Press,Military information group Mil.Press,Санкт-Петербург,Россия,Saint-Petersburg,Russia,Стенд: 3B4-3,Stand: 3B4-3
"Воентелеком, АО","Voentelekom, JSC",Москва,Россия,Moscow,Russia,Стенд: 1C2-2,Stand: 1C2-2
Военторг,Voentorg,Москва,Россия,Moscow,Russia,Стенд: 2C1,Stand: 2C1
"ВОЛАТАВТО, ОАО",VOLATAVTO JSC,Минск,Беларусь,Minsk,Belarus,Стенд: 2D1,Stand: 2D1
Волго-Вятский монетный двор,Volga-Vyatka Mint,Киров,Россия,Kirov,Russia,Стенд: 4E2-3,Stand: 4E2-3
"ВОЛЬТ-СПБ, ООО","VOLT-SPB, OOO",Санкт-Петербург,Россия,Saint-Petersburg,Russia,Стенд: 1F4-8,Stand: 1F4-8
"ВПК «НПО машиностроения», АО","VPK NPO Mashinostroeniya, JSC",Реутов,Россия,Reutov,Russia,Стенд: Демоцентр,Stand: Democenter
"ВСЕРОССИЙСКИЙ НАУЧНО-ИССЛЕДОВАТЕЛЬСКИЙ ИНСТИТУТ РАДИОТЕХНИКИ, АО","ALL-RUSSIAN RESEARCH INSTITUTE OF RADIO ENGINEERING, JSC",Москва,Россия,Moscow,Russia,"Стенд: 3C1, 2O5","Stand: 3C1, 2O5"
"Всероссийское добровольное пожарное общество, ВДПО","All-Russian Volunteer Fire Society, VDPO",Москва,Россия,Moscow,Russia,Стенд: 5D4-1,Stand: 5D4-1
Всероссийское общество слепых,All-Russian Society of the Blind,Москва,Россия,Moscow,Russia,Стенд: 2A1-2,Stand: 2A1-2
Второе дыхание ТМ,Second wind TM,Челябинск,Россия,Chelyabinsk,Russia,Стенд: 1O6,Stand: 1O6
"Вымпел Гос МКБ, АО","Vympel Gos MKB, JSC",Москва,Россия,Moscow,Russia,Стенд: Демоцентр,Stand: Democenter
"Высокоточные комплексы, НПО, АО","High-precision complexes, NPO, JSC",Москва,Россия,Moscow,Russia,"Стенд: 3O1, 5C2","Stand: 3O1, 5C2"
"Вычислительная Механика, ООО","Computational Mechanics, LLC",Брянская обл.,Россия,Bryansk region,Russia,Стенд: 1F2-6,Stand: 1F2-6
"ВЭМЗ, АО","VEMZ, JSC",,Россия,,Russia,"Стенд: 3C1, 2O5","Stand: 3C1, 2O5"
"Газовое Оборудование, ООО","Gas Equipment, LLC",Москва,Россия,Moscow,Russia,,
"Газснабинвест, ООО","Gazsnabinvest, OOO",,Россия,,Russia,Стенд: 5O7,Stand: 5O7
ГАММАМЕТ Научно-производственное предприятие,GAMMAMET Research and production enterprise,Екатеринбург,Россия,Yekaterinburg,Russia,Стенд: 1F4-2,Stand: 1F4-2
"Гейзер-Телеком, ООО","Geyser-Telekom, OOO",Москва,Россия,Moscow,Russia,Стенд: Заочно,Stand: In absentia
"Гео Мед, АО","Geo Med, JSC",,Россия,,Russia,Стенд: 4A3-3,Stand: 4A3-3
"ГЕФЕСТ и Т, ЗАО","GEFEST i T, CJSC",Жуковский,Россия,Zhukovsky,Russia,Стенд: 1C2-1,Stand: 1C2-1
Гидроприбор,hydraulic device,Санкт-Петербург,Россия,Saint-Petersburg,Russia,Стенд: Демоцентр,Stand: Democenter
ГИКЭЛ,GIKEL,Воронеж,Россия,Voronezh,Russia,Стенд: 3F2-2,Stand: 3F2-2
ГК «Беспилотные системы»,"GC ""Unmanned Systems""",Ижевск,Россия,Izhevsk,Russia,Стенд: 1B3-2,Stand: 1B3-2
ГК «Мадин»,"GC ""Madin""",Нижний Новгород,Россия,Nizhny Novgorod,Russia,Стенд: 5С2,Stand: 5S2
"ГКНПЦ им. М.В. Хруничева, АО","GKNPTs im. M.V. Khrunichev, JSC",Москва,Россия,Moscow,Russia,"Стенд: VIP 3, 5A6","Stand: VIP 3, 5A6"
"Главкосмос, АО",Glavkosmos JSC,,Россия,,Russia,Стенд: 3O18,Stand: 3O18
"Главный центр специальной связи, ФГУП","Main Center for Special Communications, Federal State Unitary Enterprise",Москва,Россия,Moscow,Russia,Стенд: 4C2-2,Stand: 4C2-2
ГЛАПС,glaps,Тверь,Россия,Tver,Russia,Стенд: 3B6-1,Stand: 3B6-1
"Глобал Инжиниринг, ООО","Global Engineering, OOO",,Россия,,Russia,Стенд: 1F4-5,Stand: 1F4-5
Глобус,the globe,Рязань,Россия,Ryazan,Russia,Стенд: Демоцентр,Stand: Democenter
"ГНЦ «Центр Келдыша», АО","SSC ""Center of Keldysh"", JSC",Москва,Россия,Moscow,Russia,Стенд: VIP 3,Stand: VIP 3
ГНЦ ФГУП «ЦНИИчермет им. И.П. Бардина»,"SSC Federal State Unitary Enterprise ""TsNIIchermet im. I.P. Bardin""",Москва,Россия,Moscow,Russia,Стенд: 3F3-1,Stand: 3F3-1
"ГосМКБ «Радуга» им. А.Я. Березняка, АО","GosMKB ""Rainbow"" them. AND I. Bereznyak, JSC",Дубна,Россия,Dubna,Russia,Стенд: Демоцентр,Stand: Democenter
"ГосНИИмаш, АО","GosNIImash, JSC",Дзержинск,Россия,Dzerzhinsk,Russia,Стенд: Демоцентр,Stand: Democenter
Государственная корпорация «Ростех»,"State Corporation ""Rostec""",Москва,Россия,Moscow,Russia,Стенд: Демоцентр,Stand: Democenter
Государственное бюджетное учреждение города Москвы «Корпорация развития Зеленограда»,"State budgetary institution of the city of Moscow ""Zelenograd Development Corporation""",Москва,Россия,Moscow,Russia,Стенд: 1B9,Stand: 1B9
"Государственный научно-исследовательский институт биологического приборостроения, ФГУП (ФГУП «ГосНИИБП»)","State Research Institute of Biological Instrumentation, Federal State Unitary Enterprise (FSUE ""GosNIIBP"")",Москва,Россия,Moscow,Russia,Стенд: 4C3,Stand: 4C3
"Государственный научный центр «Институт иммунологии», ФГБУ, Федерального медико-биологического агентства","State Research Center ""Institute of Immunology"", FGBU, Federal Medical and Biological Agency",Москва,Россия,Moscow,Russia,Стенд: 4C3,Stand: 4C3
"ГПТП «Гранит», АО","GPTP ""Granit"", JSC",Москва,Россия,Moscow,Russia,"Стенд: 3C1, 2O5","Stand: 3C1, 2O5"
ГрандМоторс,GrandMotors,Москва,Россия,Moscow,Russia,Стенд: 3O10,Stand: 3O10
ГРАНЗА ЗАВОД ОГРАЖДЕНИЙ,GRANZA FENCE PLANT,Оренбург,Россия,Orenburg,Russia,Стенд: 4B5-1,Stand: 4B5-1
"ГРПЗ, АО",GRPZ JSC,Рязань,Россия,Ryazan,Russia,Стенд: 4O1,Stand: 4O1
Группа компаний «Калашников»,"Group of companies ""Kalashnikov""",Ижевск,Россия,Izhevsk,Russia,Стенд: Демоцентр,Stand: Democenter
Группа компаний ISBC,ISBC group of companies,Москва,Россия,Moscow,Russia,Стенд: 1B9,Stand: 1B9
Группа МЕТТАТРОН,METTATRON Group,Москва,Россия,Moscow,Russia,Стенд: 1F2-4,Stand: 1F2-4
Группа Полипластик,Polyplastic Group,Москва,Россия,Moscow,Russia,Стенд: 4E5-1,Stand: 4E5-1
ГРЦ Макеева,GRC Makeeva,Миасс,Россия,Miass,Russia,,
ГТИ-Проектное Бюро ООО,GTI-Project Bureau LLC,Ижевск,Россия,Izhevsk,Russia,Стенд: 3A4-2,Stand: 3A4-2
ГУФСИН России по Свердловской области,GUFSIN of Russia in the Sverdlovsk region,Екатеринбург,Россия,Yekaterinburg,Russia,Стенд: 4F5-13,Stand: 4F5-13
ГУФСИН России по Челябинской области,GUFSIN of Russia in the Chelyabinsk region,Челябинск,Россия,Chelyabinsk,Russia,Стенд: 4F4-4,Stand: 4F4-4
ДАЛЮС производственная фирма,DALYUS production company,Москва,Россия,Moscow,Russia,Стенд: Заочно,Stand: In absentia
"Деловая Россия: промышленность, транспорт, социальная жизнь","Business Russia: industry, transport, social life",Екатеринбург,Россия,Yekaterinburg,Russia,Стенд: Заочно,Stand: In absentia
"ДЕЛОВОЙ СОЮЗ, ООО","BUSINESS UNION, LLC",Серпухов,Россия,Serpukhov,Russia,Стенд: 3E3-6,Stand: 3E3-6
Дефайнум,Definum,Химки,Россия,Khimki,Russia,Стенд: 1A4-3,Stand: 1A4-3
"Джи Пи Групп, ООО","G.P. Group, OOO",Санкт-Петербург,Россия,Saint-Petersburg,Russia,Стенд: 1F3-2,Stand: 1F3-2
Джиэнтех,Giantech,Москва,Россия,Moscow,Russia,Стенд: 1F2-5,Stand: 1F2-5
Диагностика-М,Diagnostics-M,Москва,Россия,Moscow,Russia,,
"Диагональ, ООО","Diagonal, OOO",Воронеж,Россия,Voronezh,Russia,Стенд: 3B3-3,Stand: 3B3-3
ДИИП-Центр,DIIP Center,Москва,Россия,Moscow,Russia,Стенд: 4F4-2,Stand: 4F4-2
Диодосвет,Diodolight,Воронеж,Россия,Voronezh,Russia,Стенд: 3B3-3,Stand: 3B3-3
"Дисплей, ОАО","Display, JSC",Москва,Россия,Moscow,Russia,Стенд: 2D2-3,Stand: 2D2-3
ДНК-Технология,DNA Technology,Москва,Россия,Moscow,Russia,Стенд: 5С3,Stand: 5S3
"Долгопрудненское научно-производственное предприятие, ПАО","Dolgoprudny Research and Production Enterprise, PJSC",Долгопрудный,Россия,Dolgoprudny,Russia,"Стенд: 3C1, 2O5","Stand: 3C1, 2O5"
ДОЛОМАНТ,DOLOMANT,Москва,Россия,Moscow,Russia,Стенд: 1B4-3,Stand: 1B4-3
ДОСААФ России,DOSAAF of Russia,Москва,Россия,Moscow,Russia,Стенд: 4B1-1,Stand: 4B1-1
"Дрон солюшнс, ООО","Dron Solutions, OOO",Москва,Россия,Moscow,Russia,,
"Дубненский завод коммутационной техники, АО","Dubna plant of switching equipment, JSC",Дубна,Россия,Dubna,Russia,Стенд: 1D2-2,Stand: 1D2-2
"Дубненский кабельный завод, АО","Dubna Cable Plant, JSC",Дубна,Россия,Dubna,Russia,Стенд: 1D2-2,Stand: 1D2-2
"Дукс, АО","Duks, AO",Москва,Россия,Moscow,Russia,,
"ЕМР, ООО","EMR, OOO",Москва,Россия,Moscow,Russia,Стенд: 2A1-3,Stand: 2A1-3
"ЕТС ЭЛЕКТРОНИКС, ООО",ETS ELECTRONICS LLC,Москва,Россия,Moscow,Russia,Стенд: 3B2-4,Stand: 3B2-4
Журнал «Региональная Россия»,"Journal ""Regional Russia""",Москва,Россия,Moscow,Russia,Стенд: Заочно,Stand: In absentia
Журнал Вертолетная индустрия,Magazine Helicopter Industry,Одинцово,Россия,Odintsovo,Russia,Стенд: Заочно,Stand: In absentia
"Завод «Буревестник», ПАО","Burevestnik Plant, PJSC",Ленинградская обл.,Россия,Leningrad region,Russia,Стенд: 3F5-1,Stand: 3F5-1
"Завод «Красное знамя», ПАО","Plant ""Red Banner"", PJSC",Рязань,Россия,Ryazan,Russia,"Стенд: 3C1, 2O5","Stand: 3C1, 2O5"
Завод «Пластмасс»,"Plant ""Plastmass""",Копейск,Россия,Kopeysk,Russia,Стенд: Демоцентр,Stand: Democenter
"Завод «Радиоприбор», ПАО","Plant ""Radiopribor"", PJSC",Санкт-Петербург,Россия,Saint-Petersburg,Russia,Стенд: 2B2-4,Stand: 2B2-4
"ЗАВОД «ФИОЛЕНТ», АО","PLANT ""FIOLENT"", JSC",Симферополь,Россия,Simferopol,Russia,Стенд: 3D6,Stand: 3D6
"Завод №9, АО","Plant No. 9, JSC",Екатеринбург,Россия,Yekaterinburg,Russia,,
"Завод им .А.А.Кулакова, АО","Plant named after A.A. Kulakov, JSC",Санкт-Петербург,Россия,Saint-Petersburg,Russia,Стенд: Демоцентр,Stand: Democenter
Завод им. В.А. Дегтярёва,Plant them. V.A. Degtyarev,Ковров,Россия,Kovrov,Russia,Стенд: 3B1-2,Stand: 3B1-2
"Завод кондиционеров «Август», ООО","Factory of conditioners ""Avgust"", LLC",Самарская обл.,Россия,Samara region,Russia,Стенд: 1B7-3,Stand: 1B7-3
"ЗАВОД МЕТАЛЛОКЕРАМИЧЕСКИХ МАТЕРИАЛОВ «МЕТМА», АО","PLANT OF CERAMIC MATERIALS ""METMA"", JSC",Йошкар-Ола,Россия,Yoshkar-Ola,Russia,Стенд: 2F2-4,Stand: 2F2-4
"Завод пожарных автомобилей Спецавтотехника, ООО","Plant of fire trucks Spetsavtotekhnika, LLC",,Россия,,Russia,Стенд: 5O17,Stand: 5O17
"Завод ПРОТОН, АО","Plant PROTON, JSC",Москва,Россия,Moscow,Russia,Стенд: 1E5-1,Stand: 1E5-1
"Завод СпецАгрегат, ООО","Zavod SpetsAgregat, OOO",Миасс,Россия,Miass,Russia,Стенд: 1O6,Stand: 1O6
Завод Труд,Plant Labor,Нижний Новгород,Россия,Nizhny Novgorod,Russia,Стенд: 2B2-2,Stand: 2B2-2
"Завод Элекон, АО","Plant Elecon, JSC",Казань,Россия,Kazan,Russia,Стенд: 2B3-1,Stand: 2B3-1
Завод электромедицинской аппаратуры,Factory of electromedical equipment,Yekaterinburg,Россия,Yekaterinburg,Russia,Стенд: 5С3,Stand: 5S3
"Завод Электросигнал, ОАО","Zavod Elektrosignal, OJSC",Новосибирск,Россия,Novosibirsk,Russia,Стенд: 2B6-2,Stand: 2B6-2
"Завод Юпитер, ЗАО","Plant Jupiter, CJSC",Валдай,Россия,Valdai,Russia,Стенд: 2C3-2,Stand: 2C3-2
"ЗАСЛОН, АО",ZASLON JSC,Санкт-Петербург,Россия,Saint-Petersburg,Russia,Стенд: 1D4,Stand: 1D4
ЗВЕЗДА,STAR,Санкт-Петербург,Россия,Saint-Petersburg,Russia,Стенд: 3E5-1,Stand: 3E5-1
ЗВЕЗДОЧКА,STAR,Северодвинск,Россия,Severodvinsk,Russia,Стенд: Демоцентр,Stand: Democenter
"Зеленодольский завод имени А.М. Горького, АО","Zelenodolsk plant named after A.M. Gorky, JSC",Зеленодольск,Россия,Zelenodolsk,Russia,Стенд: 3D6,Stand: 3D6
"Зеленодольское ПКБ, АО","Zelenodolsk Design Bureau, JSC",Зеленодольск,Россия,Zelenodolsk,Russia,Стенд: 3D6,Stand: 3D6
"Зеленодольское проектно-конструкторское бюро, АО","Zelenodolsk Design Bureau, JSC",Зеленодольск,Россия,Zelenodolsk,Russia,,
"ЗЕНИТ, ОАО",ZENIT JSC,Могилев,Беларусь,Mogilev,Belarus,Стенд: 2D2-4,Stand: 2D2-4
"Златоустовский завод оружейных специализированных сталей, ООО","Zlatoust Specialized Weapons Steel Plant, LLC",Златоуст,Россия,Zlatoust,Russia,Стенд: 3A3-2,Stand: 3A3-2
"ЗЛАТОУСТОВСКИЙ ЧАСОВОЙ ЗАВОД, ПАО","ZLATOUSTOVSK WATCH FACTORY, PJSC",Златоуст,Россия,Zlatoust,Russia,Стенд: 2A2-2,Stand: 2A2-2
"Ивановская текстильно-галантерейная фабрика, АО","Ivanovo textile and haberdashery factory, JSC",Иваново,Россия,Ivanovo,Russia,Стенд: 2A4-1,Stand: 2A4-1
"ИВК, АО","IVK, JSC",Москва,Россия,Moscow,Russia,Стенд: 3B3-1,Stand: 3B3-1
"Ижевский мотозавод «Аксион-холдинг», АО","Izhevsk motor plant ""Aksion-holding"", JSC",Ижевск,Россия,Izhevsk,Russia,Стенд: 3E4,Stand: 3E4
"Ижевский электромеханический завод «Купол», АО","Izhevsk Electromechanical Plant ""Kupol"", JSC",Ижевск,Россия,Izhevsk,Russia,"Стенд: 3C1, 2O5","Stand: 3C1, 2O5"
ИЗАГРИ ФЛАКС,ISAGRI FLUX,Москва,Россия,Moscow,Russia,Стенд: 3A3-4,Stand: 3A3-4
Издательский дом «Национальная оборона»,"Publishing House ""National Defense""",Москва,Россия,Moscow,Russia,Стенд: 2A1-1,Stand: 2A1-1
"Издательский дом «Премиум», ООО","Premium Publishing House, LLC",Ижевск,Россия,Izhevsk,Russia,Стенд: 4F2-7,Stand: 4F2-7
"Издательство «ВЫСОТА», СМИ","VYSOTA publishing house, mass media",Москва,Россия,Moscow,Russia,Стенд: Заочно,Stand: In absentia
"Изумруд, АО","Izumrud, JSC",Владивосток,Россия,Vladivostok,Russia,Стенд: 3C7,Stand: 3C7
ИК-1 УФСИН России по Костромской области,IK-1 UFSIN of Russia in the Kostroma region,Кострома,Россия,Kostroma,Russia,Стенд: 3A3-3,Stand: 3A3-3
ИНВЭЙВ,INWAVE,Москва,Россия,Moscow,Russia,Стенд: 1B4-2,Stand: 1B4-2
"Индорс Навигейшн, ООО","Indors Navigation, OOO",Москва,Россия,Moscow,Russia,Стенд: 1B9,Stand: 1B9
Инженер и промышленник сегодня,Engineer and industrialist today,Подольск,Россия,Podolsk,Russia,Стенд: 1F1-4,Stand: 1F1-4
Инжиниринговый центр «Форта»,"Engineering center ""Forta""",Москва,Россия,Moscow,Russia,Стенд: 3A4-5,Stand: 3A4-5
"ИНКОТЕХ, ООО","INCOTECH, OOO",Санкт-Петербург,Россия,Saint-Petersburg,Russia,Стенд: 2B7-1,Stand: 2B7-1
Инновационные медицинские технологии,Innovative medical technologies,Москва,Россия,Moscow,Russia,Стенд: 4B5-3,Stand: 4B5-3
"Инновационные медицинские технологии, ООО","Innovative medical technologies, LLC",Санкт-Петербург,Россия,Saint-Petersburg,Russia,,
ИНСОВТ,INSOVT,Санкт-Петербург,Россия,Saint-Petersburg,Russia,Стенд: 4A1-2,Stand: 4A1-2
Институт Авиационного Приборостроения «Навигатор»,"Institute of Aviation Instrumentation ""Navigator""",Санкт-Петербург,Россия,Saint-Petersburg,Russia,Стенд: 3C4-2,Stand: 3C4-2
Институт аналитического приборостроения Российской академии наук,Institute of Analytical Instrumentation of the Russian Academy of Sciences,Санкт-Петербург,Россия,Saint-Petersburg,Russia,Стенд: 2A5-4,Stand: 2A5-4
Институт инженерной физики,Institute of Engineering Physics,Серпухов,Россия,Serpukhov,Russia,Стенд: 3C3,Stand: 3C3
"ИНСТИТУТ ПРИКЛАДНОЙ ФИЗИКИ, АО","INSTITUTE OF APPLIED PHYSICS, JSC",Новосибирск,Россия,Novosibirsk,Russia,Стенд: Демоцентр,Stand: Democenter
"Институт Сетевых Технологий, ЗАО","Institute of Network Technologies, CJSC",Санкт-Петербург,Россия,Saint-Petersburg,Russia,Стенд: Заочно,Stand: In absentia
Институт физики имени Б.И. Степанова Национальной академии наук Беларуси,Institute of Physics named after B.I. Stepanov of the National Academy of Sciences of Belarus,,Россия,,Russia,Стенд: 2B8-1,Stand: 2B8-1
"Институт электронных управляющих машин им. И.С. Брука, ПАО","Institute of Electronic Control Machines. I.S. Brook, PAO",Москва,Россия,Moscow,Russia,Стенд: 5С2,Stand: 5S2
ИНТЕГРАЛ – управляющая компания холдинга «ИНТЕГРАЛ»,INTEGRAL is the managing company of the INTEGRAL holding,Минск,Беларусь,Minsk,Belarus,Стенд: 2D2-5,Stand: 2D2-5
Интегральные Решения,Integrated Solutions,Москва,Россия,Moscow,Russia,Стенд: 4B5-1,Stand: 4B5-1
ИНТЕЛЛЕКТ МАШИН,MACHINE INTELLIGENCE,Санкт-Петербург,Россия,Saint-Petersburg,Russia,Стенд: 4E2-1,Stand: 4E2-1
"ИнфоВотч, АО",InfoWatch JSC,Москва,Россия,Moscow,Russia,Стенд: 3B8-2,Stand: 3B8-2
Информационные спутниковые системы им. академика М. Ф. Решетнёва,Information satellite systems them. Academician M. F. Reshetnev,Железногорск,Россия,Zheleznogorsk,Russia,Стенд: VIP 3,Stand: VIP 3
"Информационные телекоммуникационные технологии, ПАО","Information telecommunication technologies, PJSC",Санкт-Петербург,Россия,Saint-Petersburg,Russia,,
"ИНФОТЕСТ-Р, АО","INFOTEST-R, JSC",Москва,Россия,Moscow,Russia,Стенд: 1A3-2,Stand: 1A3-2
ИОЛЛА,IOLLA,Пермь,Россия,Perm,Russia,Стенд: 3B1-3,Stand: 3B1-3
Исток-Аудио,Istok-Audio,Фрязино,Россия,Fryazino,Russia,Стенд: 4A2-7,Stand: 4A2-7
ИСТОР,HISTORY,Москва,Россия,Moscow,Russia,Стенд: 3A3-5,Stand: 3A3-5
ИТИС,ITIS,Химки,Россия,Khimki,Russia,Стенд: 2O8,Stand: 2O8
"ИТР.КОМ, ООО","ITR.COM, OOO",Москва,Россия,Moscow,Russia,Стенд: 2F3-9,Stand: 2F3-9
"К-Технологии, АО",K-Technologies JSC,,Россия,,Russia,Стенд: 1C4,Stand: 1C4
"Казанский вертолетный завод, АО",Kazan Helicopter Plant JSC,Казань,Россия,Kazan,Russia,Стенд: 1O3,Stand: 1O3
"КАЗАНСКИЙ ЗАВОД СИНТЕТИЧЕСКОГО КАУЧУКА, АО","KAZAN PLANT OF SYNTHETIC RUBBER, JSC",Казань,Россия,Kazan,Russia,Стенд: 1D2-2,Stand: 1D2-2
"Каланча Инжиниринг, ООО","Kalancha Engineering, OOO",Сергиев Посад,Россия,Sergiev Posad,Russia,Стенд: 5E1-20,Stand: 5E1-20
Калужский научно-исследовательский радиотехнический институт,Kaluga Research Radio Engineering Institute,Жуков,Россия,Zhukov,Russia,Стенд: 4O1,Stand: 4O1
"КАПИТАН И К, ООО","CAPTAIN AND K, OOO",Красноярск,Россия,Krasnoyarsk,Russia,Стенд: 2B8-9,Stand: 2B8-9
"Карачевский завод «Электродеталь», АО","Karachev plant ""Elektrodetal"", JSC",Карачев,Россия,Karachev,Russia,Стенд: 2B3-1,Stand: 2B3-1
Карнеев Системс,Karneev Systems,Москва,Россия,Moscow,Russia,Стенд: 2B7-3,Stand: 2B7-3
"КБПА, АО","KBPA, JSC",Саратов,Россия,Saratov,Russia,Стенд: 4O1,Stand: 4O1
"КБЭ XXI века, АО","KBE XXI century, JSC",Сарапул,Россия,Sarapul,Russia,Стенд: 1B1-2,Stand: 1B1-2
"КВАЗАР, ООО","KVAZAR, OOO",Видное,Россия,Vidnoye,Russia,Стенд: 4A1-4,Stand: 4A1-4
Кингисеппский машиностроительный завод,Kingisepp Machine Building Plant,Санкт-Петербург,Россия,Saint-Petersburg,Russia,Стенд: 3D5-2,Stand: 3D5-2
"Кираса, ЗАО","Cuirass, CJSC",Пермь,Россия,Perm,Russia,Стенд: 2F4-1,Stand: 2F4-1
"КлАСС, АО НПП","KLASS, JSC NPP",Москва,Россия,Moscow,Russia,Стенд: 2B4-1,Stand: 2B4-1
"КЛР, ООО","KLR, OOO",Уфа,Россия,Ufa,Russia,Стенд: 3A4-6,Stand: 3A4-6
"Ковровский электромеханический завод, АО",Kovrov Electromechanical Plant JSC,,Россия,,Russia,Стенд: 3O1,Stand: 3O1
Код Безопасности,Security code,Москва,Россия,Moscow,Russia,"Стенд: 1B5-2, 5E1-2","Stand: 1B5-2, 5E1-2"
"Комбинат автомобильных фургонов, АО","Combine of automobile vans, joint-stock company",Шумерля,Россия,Shumerlya,Russia,Стенд: 3O11,Stand: 3O11
"Компания «МИРО», ООО","Company ""MIRO"", LLC",Смоленск,Россия,Smolensk,Russia,Стенд: 5O1,Stand: 5O1
"Компания Промышленный Меридиан, ООО","Company Industrial Meridian, LLC",,Россия,,Russia,Стенд: 2O16,Stand: 2O16
"Комплексные поставки, АО","Complex deliveries, JSC",Москва,Россия,Moscow,Russia,Стенд: 3B10-3,Stand: 3B10-3
"КОННЕКТ, ООО","CONNECT, OOO",Москва,Россия,Moscow,Russia,Стенд: Заочно,Stand: In absentia
"КОНСОРЦИУМ ""МЕДИЦИНСКАЯ ТЕХНИКА"", АНО","CONSORTIUM ""MEDICAL TECHNOLOGY"", ANO",,Россия,,Russia,Стенд: 5C4,Stand: 5C4
"Конструкторское бюро «Арсенал» имени М.В. Фрунзе, АО","Design Bureau ""Arsenal"" named after M.V. Frunze JSC",Санкт-Петербург,Россия,Saint-Petersburg,Russia,Стенд: VIP 3,Stand: VIP 3
"Конструкторское бюро по проектированию судов «Вымпел», АО","Design Bureau for the design of ships ""Vympel"", JSC",Нижний Новгород,Россия,Nizhny Novgorod,Russia,Стенд: Демоцентр,Stand: Democenter
"Конструкторское бюро приборостроения им. академика А.Г. Шипунова, АО","Design Bureau of Instrument Engineering. Academician A.G. Shipunova, JSC",Тула,Россия,Tula,Russia,Стенд: 3O1,Stand: 3O1
Конструкторское бюро точного машиностроения имени А.Э. Нудельмана,Design Bureau of Precision Engineering named after A.E. Nudelman,Москва,Россия,Moscow,Russia,"Стенд: 3C1, 2O5","Stand: 3C1, 2O5"
"Контрольно-Измерительные Приборы, ООО","Control and Measuring Devices, LLC",Ижевск,Россия,Izhevsk,Russia,Стенд: 1F4-0,Stand: 1F4-0
"Концерн ""Инмаш"", ООО","Concern ""Inmash"", LLC",,Россия,,Russia,Стенд: 1A3-1,Stand: 1A3-1
"Концерн «Автоматика», АО",Concern Avtomatika JSC,Москва,Россия,Moscow,Russia,"Стенд: 2C6, 2O2-2","Stand: 2C6, 2O2-2"
"Концерн «Гранит-Электрон», АО","Concern ""Granit-Electron"", JSC",Санкт-Петербург,Россия,Saint-Petersburg,Russia,Стенд: Демоцентр,Stand: Democenter
"Концерн «НПО «Аврора», АО",Concern NPO Avrora JSC,Санкт-Петербург,Россия,Saint-Petersburg,Russia,"Стенд: 3C7, 1O7","Stand: 3C7, 1O7"
"Концерн «Океанприбор», АО","Concern ""Okeanpribor"", JSC",Санкт-Петербург,Россия,Saint-Petersburg,Russia,"Стенд: 3C7, 1O7","Stand: 3C7, 1O7"
"Концерн «РТИ Системы», АО","Concern ""RTI Systems"", JSC",Москва,Россия,Moscow,Russia,Стенд: 3C8-1,Stand: 3C8-1
"Концерн «Созвездие», АО","Concern ""Sozvezdie"", JSC",Воронеж,Россия,Voronezh,Russia,Стенд: 2C6,Stand: 2C6
"КОНЦЕРН «ТЕРМАЛЬ», ЗАО","CONCERN ""TERMAL"", CJSC",Нижний Новгород,Россия,Nizhny Novgorod,Russia,Стенд: Заочно,Stand: In absentia
"Концерн КЭМЗ, АО","Concern KEMZ, JSC",Кизляр,Россия,Kizlyar,Russia,Стенд: VIP 5,Stand: VIP 5
"Концерн Моринсис - Агат, АО","Concern Morinsis - Agat, JSC",Москва,Россия,Moscow,Russia,"Стенд: 3C7, 1O7","Stand: 3C7, 1O7"
"Корпорация «Аэрокосмическое оборудование», АО",Aerospace Equipment Corporation JSC,Санкт-Петербург,Россия,Saint-Petersburg,Russia,Стенд: 4O1,Stand: 4O1
Корпорация «Иркут»,Irkut Corporation,Москва,Россия,Moscow,Russia,Стенд: Демоцентр,Stand: Democenter
"Корпорация «Комета», АО","Corporation ""Kometa"", JSC",Москва,Россия,Moscow,Russia,"Стенд: 3C1, 2O5","Stand: 3C1, 2O5"
"КОРПОРАЦИЯ «МИТ», АО",MIT CORPORATION JSC,Москва,Россия,Moscow,Russia,Стенд: 5A6,Stand: 5A6
"Корпорация «Проект-техника», ООО","Corporation ""Proekt-tekhnika"", LLC",Москва,Россия,Moscow,Russia,Стенд: 2O6,Stand: 2O6
Корпорация ВСМПО-АВИСМА,VSMPO-AVISMA Corporation,Верхняя Салда,Россия,Upper Salda,Russia,Стенд: 3E2-2,Stand: 3E2-2
"Корпорация морского приборостроения, АО",Marine Instrument Corporation JSC,Санкт-Петербург,Россия,Saint-Petersburg,Russia,"Стенд: 3C7, 1O7","Stand: 3C7, 1O7"
Корпорация ЭЛАР,ELAR Corporation,,Россия,,Russia,Стенд: 4F5-10,Stand: 4F5-10
"КОРСАР, ООО","KORSAR, OOO",Королев,Россия,Korolev,Russia,Стенд: 1E3-1,Stand: 1E3-1
"КОРУНД-М, АО КБ","KORUND-M, JSC KB",Москва,Россия,Moscow,Russia,Стенд: 1E5-2,Stand: 1E5-2
КОРУС ООО,KORUS OOO,Нижний Новгород,Россия,Nizhny Novgorod,Russia,Стенд: 2A5-3,Stand: 2A5-3
КОСТРОМСКОЙ СУДОМЕХАНИЧЕСКИЙ ЗАВОД,KOSTROMA SHIP MECHANICAL PLANT,Кострома,Россия,Kostroma,Russia,Стенд: 3B10-1,Stand: 3B10-1
"Красногвардеец, ООО","Krasnogvardeets, OOO",Санкт-Петербург,Россия,Saint-Petersburg,Russia,Стенд: 5С3,Stand: 5S3
Красногорский комбинат автофургонов,Krasnogorsk van plant,Красногорский,Россия,Krasnogorsky,Russia,Стенд: 3O3,Stand: 3O3
"Красный дельфин, АО","Red Dolphin, AO",Санкт-Петербург,Россия,Saint-Petersburg,Russia,Стенд: 1B6-1,Stand: 1B6-1
"Кримтех 10, ООО","Krimteh 10, OOO",Петрозаводск,Россия,Petrozavodsk,Russia,Стенд: 5В2-11,Stand: 5V2-11
КРОНЕ,CRONE,Самарская обл.,Россия,Samara region,Russia,Стенд: Заочно,Stand: In absentia
"Кронштадт, АО","Kronstadt, JSC",Москва,Россия,Moscow,Russia,Стенд: 1C3,Stand: 1C3
Крыловский государственный научный центр,Krylov State Research Center,Санкт-Петербург,Россия,Saint-Petersburg,Russia,,
КРЭТ,KRET,Москва,Россия,Moscow,Russia,Стенд: 4O1,Stand: 4O1
"КСУ, ООО","KSU, OOO",Домодедово,Россия,Domodedovo,Russia,,
"Кумертауское авиационное производственное предприятие, АО","Kumertau Aviation Production Enterprise, JSC",,Россия,,Russia,Стенд: 1O3,Stand: 1O3
Курганмашзавод,Kurganmashzavod,Курган,Россия,Kurgan,Russia,Стенд: 3O1,Stand: 3O1
"Курс, ЦНИИ","Course, Central Research Institute",Москва,Россия,Moscow,Russia,Стенд: 3C7,Stand: 3C7
"Лаборатория «Евростиль», ООО","Eurostyle Laboratory, LLC",Свердловский,Россия,Sverdlovsky,Russia,Стенд: 5E1-4,Stand: 5E1-4
Лаборатория Вакуумной техники,Vacuum Technology Laboratory,Серпухов,Россия,Serpukhov,Russia,Стенд: 1F2-8,Stand: 1F2-8
Лагук-Медиа-Люкс (ООО),Laguk-Media-Lux (LLC),Москва,Россия,Moscow,Russia,Стенд: 4F2-8,Stand: 4F2-8
"Лазерные компоненты, ООО","Laser Components Co.,Ltd",Москва,Россия,Moscow,Russia,Стенд: 2C4-2,Stand: 2C4-2
"Лазерный Центр, ООО","Laser Center, OOO",Санкт-Петербург,Россия,Saint-Petersburg,Russia,Стенд: 2E3-2,Stand: 2E3-2
"ЛайтКом, ООО","LightKom, OOO",Москва,Россия,Moscow,Russia,Стенд: 1B9,Stand: 1B9
Латиком - лазерные технологии и компоненты,Latikom - laser technologies and components,Москва,Россия,Moscow,Russia,Стенд: 1B9,Stand: 1B9
Лемакс - Завод ножей (ИП Павлочев Алексей Владимирович),Lemax - Knife Factory (IP Pavlochev Alexey Vladimirovich),Ворсма,Россия,Vorsma,Russia,Стенд: 2F3-2,Stand: 2F3-2
"ЛЕНПОЛИГРАФМАШ, ОАО","LENPOLIGRAFMASH, JSC",Санкт-Петербург,Россия,Saint-Petersburg,Russia,Стенд: 1A5-1,Stand: 1A5-1
"Лента, АО",Lenta JSC,Чебоксары,Россия,Cheboksary,Russia,Стенд: 2A2-4,Stand: 2A2-4
"Лента, ОАО",Lenta JSC,Могилев,Беларусь,Mogilev,Belarus,Стенд: 2E1-2,Stand: 2E1-2
"ЛККА, ООО","LKKA, OOO",Электросталь,Россия,Elektrostal,Russia,Стенд: 1B8-2,Stand: 1B8-2
"ЛОТЕС ТМ, ООО","LOTES TM, OOO",Москва,Россия,Moscow,Russia,Стенд: 1E3-2,Stand: 1E3-2
"М.К. Асептика, ООО","M.K. Aseptika, OOO",Люберцы,Россия,Lyubertsy,Russia,Стенд: 5С6,Stand: 5S6
"МАЗ - управляющая компания холдинга ""БЕЛАВОМАЗ""","MAZ is the managing company of the holding ""BELAVOMAZ""",Минск,Беларусь,Minsk,Belarus,Стенд: 5O8,Stand: 5O8
МАК «ВЫМПЕЛ»,"MAC ""VIMPEL""",Москва,Россия,Moscow,Russia,Стенд: 3D5-1,Stand: 3D5-1
"МакБланш, ООО","McBlanche, OOO",Москва,Россия,Moscow,Russia,Стенд: 1A3-8,Stand: 1A3-8
Максимус (Ставропольский край),Maximus (Stavropol Territory),,Россия,,Russia,Стенд: 2F3-7,Stand: 2F3-7
"Малахит, Санкт-Петербургское морское бюро машиностроения, АО","Malachite, St. Petersburg Marine Engineering Bureau, JSC",Санкт-Петербург,Россия,Saint-Petersburg,Russia,,
МАНЭЛ,MANEL,Томск,Россия,Tomsk,Russia,Стенд: 1B5-4,Stand: 1B5-4
Марийский машиностроительный завод,Mari Machine Building Plant,Йошкар-Ола,Россия,Yoshkar-Ola,Russia,Стенд: 3D5-1,Stand: 3D5-1
"МАРТ ГРУПП, ООО","MART GROUP, LLC",Москва,Россия,Moscow,Russia,Стенд: 2F3-6,Stand: 2F3-6
"Машиностроительный завод «Арсенал», ОАО","Machine-building plant ""Arsenal"", OJSC",Санкт-Петербург,Россия,Saint-Petersburg,Russia,Стенд: VIP 3,Stand: VIP 3
МГТУ им.Н.Э. Баумана,MSTU named after N.E. Bauman,Москва,Россия,Moscow,Russia,Стенд: 3D2,Stand: 3D2
МегаФон,Megaphone,Москва,Россия,Moscow,Russia,Стенд: 4D4-2,Stand: 4D4-2
МЕГИ,MEGI,Уфа,Россия,Ufa,Russia,Стенд: 4B6-6,Stand: 4B6-6
Медика Трейд,Medica Trade,Москва,Россия,Moscow,Russia,Стенд: 5С3,Stand: 5S3
"МЕДИСАНАВЕСТ, ООО","MEDISANAVEST, OOO",Калининград,Россия,Kaliningrad,Russia,,
"МЕДИЦИНСКИЕ ТЕХНОЛОГИИ Лтд, АО","MEDICAL TECHNOLOGIES Co., Ltd.",Москва,Россия,Moscow,Russia,Стенд: 5С3,Stand: 5S3
МЕДМАРИН,MEDMARINE,Санкт-Петербург,Россия,Saint-Petersburg,Russia,Стенд: 4A2-5,Stand: 4A2-5
"МЕДПЛАНТ, ООО","MEDPLANT, OOO",Москва,Россия,Moscow,Russia,Стенд: 5E1-7,Stand: 5E1-7
Международная Ассоциация Фундаментостроителей,International Association of Foundation Builders,Москва,Россия,Moscow,Russia,Стенд: 4F2-2,Stand: 4F2-2
Межрегиональная общественная организация содействия изучению и эксплуатации военной техники «ВОЕННО-ТЕХНИЧЕСКОЕ ОБЩЕСТВО»,"Interregional Public Organization for the Promotion of the Study and Operation of Military Equipment ""Military-Technical Society""",,Россия,,Russia,Стенд: 3О12,Stand: 3O12
"Мекро групп, ООО","Mekro group, OOO",Смоленск,Россия,Smolensk,Russia,Стенд: 3E3-2,Stand: 3E3-2
Меркурий-Про,Mercury-Pro,Москва,Россия,Moscow,Russia,Стенд: 3E3-5,Stand: 3E3-5
Металлография,Metallography,Тверь,Россия,Tver,Russia,Стенд: 3B6-1,Stand: 3B6-1
"МЕТИЗ ИМПЭКС, ООО",METIZ IMPEX LLC,Мытищи,Россия,Mytishchi,Russia,Стенд: 5С2,Stand: 5S2
Метротек,Metrotek,Москва,Россия,Moscow,Russia,Стенд: 1A5-3,Stand: 1A5-3
"МЗИК, ПАО","MZIK, PAO",Екатеринбург,Россия,Yekaterinburg,Russia,"Стенд: 3C1, 2O5","Stand: 3C1, 2O5"
"Микран, научно-производственная фирма","Mikran, research and production company",Томск,Россия,Tomsk,Russia,Стенд: 1B6-2,Stand: 1B6-2
МикроМакс Системс,MicroMax Systems,Москва,Россия,Moscow,Russia,Стенд: 1F1-10,Stand: 1F1-10
"МикроЭМ Технологии, ООО","MicroEM Technologies, OOO",Москва,Россия,Moscow,Russia,Стенд: 1A3-8,Stand: 1A3-8
Минотор-Сервис УП,Minotor-Service UP,Минск,Беларусь,Minsk,Belarus,Стенд: 2E1-1,Stand: 2E1-1
МИНПРОМЭНЕРГО Чувашии,Ministry of Industry and Energy of Chuvashia,,Россия,,Russia,Стенд: 3B2-1,Stand: 3B2-1
"Минский завод колёсных тягачей (VOLAT), ОАО","Minsk Plant of Wheel Tractors (VOLAT), OJSC",Минск,Беларусь,Minsk,Belarus,Стенд: 2D2-2,Stand: 2D2-2
Мираторг,Miratorg,Домодедово,Россия,Domodedovo,Russia,Стенд: 4D5,Stand: 4D5
МИРЭА - Российский технологический университет,MIREA - Russian Technological University,Москва,Россия,Moscow,Russia,Стенд: 4E4-1,Stand: 4E4-1
МИЭА,MIEA,Москва,Россия,Moscow,Russia,Стенд: 4O1,Stand: 4O1
"МК «Витязь», АО","MK ""Vityaz"", JSC",Ишимбай,Россия,Ishimbay,Russia,Стенд: 3O2,Stand: 3O2
МКБ «Искра»,"MKB ""Iskra""",Москва,Россия,Moscow,Russia,Стенд: Демоцентр,Stand: Democenter
"МКБ «Факел, АО",MKB Fakel JSC,Химки,Россия,Khimki,Russia,"Стенд: 3C1, 2O5","Stand: 3C1, 2O5"
МКС ООО ПКФ,MKS OOO PKF,Ясногорск,Россия,Yasnogorsk,Russia,Стенд: 3A2-5,Stand: 3A2-5
МНИТИ,MNITI,Москва,Россия,Moscow,Russia,,
"МНПК «Авионика», АО",MNPK Avionika JSC,Москва,Россия,Moscow,Russia,Стенд: 2E2-1,Stand: 2E2-1
Моготекс,Mogotex,Могилев,Беларусь,Mogilev,Belarus,Стенд: 2B2-1,Stand: 2B2-1
МОКБ «Марс»,"MOKB ""Mars""",Москва,Россия,Moscow,Russia,Стенд: 3D1,Stand: 3D1
"Молот армз, ООО","Molot armz, OOO",Москва,Россия,Moscow,Russia,Стенд: 2B2-3,Stand: 2B2-3
"Молот-Оружие, ООО","Molot-Oruzhie, OOO",Вятские Поляны,Россия,Vyatskiye Polyany,Russia,Стенд: 2B2-3,Stand: 2B2-3
"Морские Комплексы и Системы, ЗАО","Marine Complexes and Systems, CJSC",Санкт-Петербург,Россия,Saint-Petersburg,Russia,"Стенд: 3F6-2, 3O19","Stand: 3F6-2, 3O19"
Московская Конфедерация промышленников и предпринимателей (работодателей),Moscow Confederation of Industrialists and Entrepreneurs (Employers),Москва,Россия,Moscow,Russia,,
Московский монетный двор,Moscow Mint,Москва,Россия,Moscow,Russia,Стенд: 2B1-3,Stand: 2B1-3
Московский технический университет связи и информатики,Moscow Technical University of Communications and Informatics,Москва,Россия,Moscow,Russia,Стенд: 4B3-1,Stand: 4B3-1
Московский физико-технический институт (Национальный исследовательский университет),Moscow Institute of Physics and Technology (National Research University),Долгопрудный,Россия,Dolgoprudny,Russia,Стенд: 3C2,Stand: 3C2
"Моснейро, ООО","Mosneiro, OOO",,Россия,,Russia,Стенд: 4A2-4,Stand: 4A2-4
"МУФТЫ НСК, ООО","COUPLINGS NSK, OOO",Санкт-Петербург,Россия,Saint-Petersburg,Russia,Стенд: 3A5-2,Stand: 3A5-2
МФА ТЕХ,MFA TECH,Москва,Россия,Moscow,Russia,Стенд: 1B9,Stand: 1B9
МЧС России,Russian Emergency Situations Ministry,Москва,Россия,Moscow,Russia,Стенд: 5D1,Stand: 5D1
МЧС России по Удмуртской Республике,EMERCOM of Russia in the Udmurt Republic,,Россия,,Russia,Стенд: 5D3,Stand: 5D3
Мытищинский машиностроительный завод,Mytishchi Machine Building Plant,Мытищи,Россия,Mytishchi,Russia,Стенд: Демоцентр,Stand: Democenter
"МЭЛ, ЗАО","MEL, CJSC",Воронеж,Россия,Voronezh,Russia,Стенд: 3A4-7,Stand: 3A4-7
НавМарин,NavMarine,Москва,Россия,Moscow,Russia,Стенд: 3F8-1,Stand: 3F8-1
НАО «Металл Инвест»,"NJSC ""Metal Invest""",Москва,Россия,Moscow,Russia,Стенд: 3F1-1,Stand: 3F1-1
НАСК,NASK,Москва,Россия,Moscow,Russia,Стенд: 4O2,Stand: 4O2
"НАТЕКС-Спецтелеком, ООО","NATEKS-Spectelecom, OOO",Москва,Россия,Moscow,Russia,,
"Научно-исследовательский инженерный институт, АО","Research Engineering Institute, JSC",Балашиха,Россия,Balashikha,Russia,Стенд: Демоцентр,Stand: Democenter
"Научно-исследовательский институт авиационного оборудования, АО","Research Institute of Aviation Equipment, JSC",Жуковский,Россия,Zhukovsky,Russia,Стенд: 4O1,Stand: 4O1
"Научно-исследовательский институт электронных вычислительных машин, ОАО","Scientific Research Institute of Electronic Computers, JSC",Минск,Беларусь,Minsk,Belarus,Стенд: 2D1,Stand: 2D1
"Научно-производственное объединение «Марс», АО","Research and Production Association ""Mars"", JSC",Ульяновск,Россия,Ulyanovsk,Russia,Стенд: 3C7,Stand: 3C7
"НАУЧНО-ПРОИЗВОДСТВЕННЫЙ ЦЕНТР «СПЕЦИАЛИЗИРОВАННЫЕ ПРИБОРЫ И СИСТЕМЫ», НЕПУБЛИЧНОЕ АКЦИОНЕРНОЕ ОБЩЕСТВО","SCIENTIFIC AND PRODUCTION CENTER ""SPECIALIZED DEVICES AND SYSTEMS"", NON-PUBLIC JOINT-STOCK COMPANY",Москва,Россия,Moscow,Russia,,
"Научный центр «СТК», ООО (Группа компаний TSMGROUP)","Scientific Center ""STK"", LLC (TSMGROUP Group of Companies)",Москва,Россия,Moscow,Russia,Стенд: 1O10,Stand: 1O10
Национальный исследовательский ядерный университет «МИФИ»,National Research Nuclear University MEPhI,Москва,Россия,Moscow,Russia,Стенд: 5A4-1,Stand: 5A4-1
Национальный медицинский исследовательский центр оториноларингологии ФМБА,National Medical Research Center for Otorhinolaryngology FMBA,Москва,Россия,Moscow,Russia,Стенд: 4C3,Stand: 4C3
Национальный павильон Китайской Народной Республики,National Pavilion of the People's Republic of China,,Китайская народная республика,,People's Republic of China,Стенд: 4D3,Stand: 4D3
"Национальный центр вертолетостроения им. М.Л. Миля"" и Н.И. Камова"", АО","National Center for Helicopter Engineering. M.L. Mil"" and N.I. Kamov"", JSC",,Россия,,Russia,Стенд: 1O3,Stand: 1O3
Нева Электроника,Neva Electronics,Санкт-Петербург,Россия,Saint-Petersburg,Russia,Стенд: 3A3-1,Stand: 3A3-1
Невский инструментальный завод,Nevsky Tool Plant,Санкт-Петербург,Россия,Saint-Petersburg,Russia,Стенд: 2E2-4,Stand: 2E2-4
"Невское ПКБ, АО","Nevskoe Design Bureau, JSC",Санкт-Петербург,Россия,Saint-Petersburg,Russia,Стенд: Демоцентр,Stand: Democenter
Независимое военное обозрение,Independent military review,Москва,Россия,Moscow,Russia,Стенд: 1F1-6,Stand: 1F1-6
Нейрософт,Neurosoft,Иваново,Россия,Ivanovo,Russia,Стенд: 4A2-4,Stand: 4A2-4
НейроСэйф,NeuroSafe,Москва,Россия,Moscow,Russia,Стенд: 1B9,Stand: 1B9
Нефтегазопромысловый инжиниринг,Oil and gas field engineering,Москва,Россия,Moscow,Russia,Стенд: Заочно,Stand: In absentia
"НЗ 70-летия Победы, АО",NZ 70th Anniversary of Victory JSC,Нижний Новгород,Россия,Nizhny Novgorod,Russia,"Стенд: 3C1, 2O5","Stand: 3C1, 2O5"
НИ ТПУ,NI TPU,,Россия,,Russia,Стенд: 2E4-1,Stand: 2E4-1
"НИИ «ВЕКТОР», АО","Research Institute ""VECTOR"", JSC",Санкт-Петербург,Россия,Saint-Petersburg,Russia,Стенд: 2O2-5,Stand: 2O2-5
"НИИ МЕХАНОТРОНИКИ-АЛЬФА-НЦ, АО","Research Institute of Mechanotronics-ALFA-NC, JSC",Воронеж,Россия,Voronezh,Russia,Стенд: 3B3-3,Stand: 3B3-3
НИИ мортеплотехники,Research Institute of Marine Heat Engineering,Санкт-Петербург,Россия,Saint-Petersburg,Russia,Стенд: Демоцентр,Stand: Democenter
"НИИ прикладной химии, АО ФНПЦ","Research Institute of Applied Chemistry, JSC Federal Scientific and Practical Center",Москва,Россия,Moscow,Russia,,
НИИ стали,Research Institute of Steel,Москва,Россия,Moscow,Russia,Стенд: 3E2-1,Stand: 3E2-1
"НИИ ТП, АО","NII TP, JSC",Москва,Россия,Moscow,Russia,Стенд: VIP 3,Stand: VIP 3
НИИ ЭКРАН,NII EKRAN,Самара,Россия,Samara,Russia,Стенд: 4O1,Stand: 4O1
НИИВК им. М.А. Карцева,NIIVK them. M.A. Kartseva,Москва,Россия,Moscow,Russia,Стенд: 1B4-3,Stand: 1B4-3
"НИИДАР, АО","NIIDAR, JSC",Москва,Россия,Moscow,Russia,Стенд: 3C8-1,Stand: 3C8-1
"НИИП имени В.В. Тихомирова, АО","NIIP named after V.V. Tikhomirova, JSC",Жуковский,Россия,Zhukovsky,Russia,"Стенд: 3C1, 2O5","Stand: 3C1, 2O5"
"НИИССУ, АО","NIISSU, JSC",Москва,Россия,Moscow,Russia,Стенд: 2C6,Stand: 2C6
НИИЭВМ,NIIEVM,,Россия,,Russia,Стенд: 2D1,Stand: 2D1
НИКИРЭТ - филиал АО «ФНПЦ «ПО «Старт» им. М.В. Проценко»,"NIKIRET - branch of JSC ""FSPC"" PO ""Start"" them. M.V. Protsenko""",Заречный,Россия,Zarechny,Russia,,
"НИКОЛЬ, ООО","NIKOL, OOO",Санкт-Петербург,Россия,Saint-Petersburg,Russia,Стенд: Заочно,Stand: In absentia
"НИМИ им. В.В. Бахирева, АО","NIMI them. V.V. Bakhireva, JSC",Москва,Россия,Moscow,Russia,Стенд: Демоцентр,Stand: Democenter
"НИПК «Электрон», АО","NIPC Electron, JSC",Санкт-Петербург,Россия,Saint-Petersburg,Russia,Стенд: 5С3,Stand: 5S3
НИУ «МЭИ»,"National Research University ""MPEI""",Москва,Россия,Moscow,Russia,Стенд: 4D7-1,Stand: 4D7-1
"ННИИРТ, АО",NNIIRT JSC,Нижний Новгород,Россия,Nizhny Novgorod,Russia,"Стенд: 3C1, 2O5","Stand: 3C1, 2O5"
Новатор,Innovator,Екатеринбург,Россия,Yekaterinburg,Russia,"Стенд: 3C1, 2O5","Stand: 3C1, 2O5"
Новая Эра Телеком,New Era Telecom,Москва,Россия,Moscow,Russia,Стенд: 1B9,Stand: 1B9
"Новая ЭРА, АО",New ERA JSC,Санкт-Петербург,Россия,Saint-Petersburg,Russia,Стенд: 3B7-1,Stand: 3B7-1
НОВИКОМБАНК,NOVIKOMBANK,Москва,Россия,Moscow,Russia,"Стенд: 2C2, 5A4-3","Stand: 2C2, 5A4-3"
Новосибирский завод искусственного волокна,Novosibirsk Plant of Artificial Fiber,Искитим,Россия,Iskitim,Russia,Стенд: Демоцентр,Stand: Democenter
НОВОСИБИРСКИЙ ПАТРОННЫЙ ЗАВОД,NOVOSIBIRSK CARTRIDGE PLANT,Новосибирск,Россия,Novosibirsk,Russia,Стенд: 2A5-1,Stand: 2A5-1
"Новый оборонный заказ. Стратегии, журнал","New defense order. Strategies, magazine",Санкт-Петербург,Россия,Saint-Petersburg,Russia,Стенд: 1F1-7,Stand: 1F1-7
Норгау Руссланд,Norgau Russland,Москва,Россия,Moscow,Russia,Стенд: 1E7-2,Stand: 1E7-2
"НПК «ВТ и СС», АО","NPK ""VT i SS"", JSC",Москва,Россия,Moscow,Russia,Стенд: 1C4,Stand: 1C4
"НПК «Дедал», АО","NPK ""Dedal"", JSC",Дубна,Россия,Dubna,Russia,,
"НПК «Диагностика», ООО","NPK ""Diagnostics"", LLC",Санкт-Петербург,Россия,Saint-Petersburg,Russia,Стенд: 1A4-4,Stand: 1A4-4
"НПК «КБМ», АО","NPK KBM, JSC",Коломна,Россия,Kolomna,Russia,Стенд: 3O1,Stand: 3O1
"НПК «Контакт», ООО","NPK ""Contact"", LLC",Минск,Беларусь,Minsk,Belarus,Стенд: 1A4-1,Stand: 1A4-1
"НПК ДЕСТЕН, ООО","NPK DESTEN, OOO",Москва,Россия,Moscow,Russia,,
НПО «Алмаз»,NPO Almaz,Москва,Россия,Moscow,Russia,"Стенд: 3C1, 2O5","Stand: 3C1, 2O5"
"НПО «Базальт», АО","NPO ""Basalt"", JSC",Москва,Россия,Moscow,Russia,,
"НПО «Импульс», АО","NPO ""Impulse"", JSC",Санкт-Петербург,Россия,Saint-Petersburg,Russia,Стенд: 2C6,Stand: 2C6
"НПО «Квант», АО","NPO Kvant, JSC",Великий Новгород,Россия,Veliky Novgorod,Russia,Стенд: 4O1,Stand: 4O1
"НПО «Курганприбор», АО","NPO ""Kurganpribor"", JSC",Курган,Россия,Kurgan,Russia,Стенд: 2D4-1,Stand: 2D4-1
"НПО «Луч», АО","NPO Luch, JSC",Новосибирск,Россия,Novosibirsk,Russia,Стенд: 1D4,Stand: 1D4
"НПО «МАГНЕТОН», АО","NPO ""MAGNETON"", JSC",Владимир,Россия,Vladimir,Russia,Стенд: 3F4-2,Stand: 3F4-2
"НПО «Микроген», АО","NPO Microgen, JSC",Москва,Россия,Moscow,Russia,Стенд: 4A2-6,Stand: 4A2-6
"НПО «Прибор» имени С.С. Голембиовского, АО","NPO ""Pribor"" named after S.S. Golembiovsky, JSC",Москва,Россия,Moscow,Russia,Стенд: Демоцентр,Stand: Democenter
"НПО «Радиоэлектроника» им. В.И. Шимко», АО","NPO ""Radioelectronics"" them. IN AND. Shimko JSC",Казань,Россия,Kazan,Russia,Стенд: 4O1,Stand: 4O1
НПО «РИТ»,"NPO ""RIT""",Тверь,Россия,Tver,Russia,Стенд: 1F2-1,Stand: 1F2-1
"НПО «СЕНСОР», АО","NPO ""SENSOR"", JSC",,Россия,,Russia,Стенд: 5E1-22,Stand: 5E1-22
НПО «Стрела»,"NPO ""Strela""",Тула,Россия,Tula,Russia,"Стенд: 3C1, 2O5, 3F7-2","Stand: 3C1, 2O5, 3F7-2"
"НПО «Техномаш» им. С.А. Афанасьева, АО","NPO ""Tekhnomash"" them. S.A. Afanasiev, JSC",Москва,Россия,Moscow,Russia,Стенд: VIP 3,Stand: VIP 3
"НПО «Электромашина», АО","NPO Elektromashina, JSC",Челябинск,Россия,Chelyabinsk,Russia,Стенд: 3O2,Stand: 3O2
НПО «ЭРГА»,"NPO ""ERGA""",Калуга,Россия,Kaluga,Russia,Стенд: 2B5-3,Stand: 2B5-3
"НПО «Эшелон», АО","NPO ""Echelon"", JSC",Москва,Россия,Moscow,Russia,Стенд: 1F3-8,Stand: 1F3-8
НПО Ангстрем,NPO Angstrem,,Россия,,Russia,Стенд: 1B1-1,Stand: 1B1-1
"НПО Завод «Волна», АО","NPO Zavod ""Volna"", JSC",Санкт-Петербург,Россия,Saint-Petersburg,Russia,Стенд: 1E8,Stand: 1E8
НПО Лавочкина,NPO Lavochkin,Химки,Россия,Khimki,Russia,Стенд: VIP 3,Stand: VIP 3
"НПО ССК, ООО","NPO SSK, OOO",Москва,Россия,Moscow,Russia,Стенд: 1F4-1,Stand: 1F4-1
"НПП ""Орт"", ООО","NPP ""Ort"", OOO",Воронеж,Россия,Voronezh,Russia,Стенд: 5E1-12,Stand: 5E1-12
"НПП «Алмаз», АО","NPP ""Almaz"", JSC",Саратов,Россия,Saratov,Russia,Стенд: 2C6,Stand: 2C6
"НПП «Ангарные системы», ООО","NPP Angarnye sistemy, LLC",Челябинск,Россия,Chelyabinsk,Russia,Стенд: 3O14,Stand: 3O14
НПП «Доза»,NPP Doza,Зеленоград,Россия,Zelenograd,Russia,Стенд: 2A5-2,Stand: 2A5-2
"НПП «Звукотехника», АО","NPP ""Zvukotekhnika"", JSC",Муром,Россия,Murom,Russia,Стенд: 3A1-3,Stand: 3A1-3
"НПП «Измеритель», АО",NPP Izmeritel JSC,Смоленск,Россия,Smolensk,Russia,Стенд: 4O1,Stand: 4O1
НПП «ИНТЕРОКО»,"NPP ""INTEROKO""",Лыткарино,Россия,Lytkarino,Russia,Стенд: 5С3,Stand: 5S3
"НПП «Краснознамёнец», АО",NPP Krasnoznamenets JSC,Санкт-Петербург,Россия,Saint-Petersburg,Russia,Стенд: Демоцентр,Stand: Democenter
"НПП «Кузбассрадио», АО",NPP Kuzbassradio JSC,Белово,Россия,Belovo,Russia,Стенд: 3A2-2,Stand: 3A2-2
"НПП «МЕТА», ЗАО","NPP ""META"", CJSC",Санкт-Петербург,Россия,Saint-Petersburg,Russia,Стенд: 5E1-19,Stand: 5E1-19
"НПП «Оптон», ООО","NPP Opton, LLC",Москва,Россия,Moscow,Russia,Стенд: 1E7-1,Stand: 1E7-1
"НПП «Полет», АО",NPP Polet JSC,Нижний Новгород,Россия,Nizhny Novgorod,Russia,Стенд: 2C6,Stand: 2C6
"НПП «Полигон», АО г.Уфа","NPP ""Polygon"", JSC Ufa",Уфа,Россия,Ufa,Russia,Стенд: 1A7-4,Stand: 1A7-4
НПП «ПРИМА»,"NPP ""PRIMA""",Нижний Новгород,Россия,Nizhny Novgorod,Russia,Стенд: 1D2-1,Stand: 1D2-1
"НПП «Радар ммс», АО","NPP ""Radar mms"", JSC",Санкт-Петербург,Россия,Saint-Petersburg,Russia,Стенд: 1C1,Stand: 1C1
"НПП «Радиосвязь», АО","NPP ""Radiosvyaz"", JSC",Красноярск,Россия,Krasnoyarsk,Russia,Стенд: 2C6,Stand: 2C6
"НПП «Рубин», АО",NPP Rubin JSC,Пенза,Россия,Penza,Russia,Стенд: Демоцентр,Stand: Democenter
"НПП «РУСБАЛ», АО","NPP ""RUSBAL"", JSC",Москва,Россия,Moscow,Russia,Стенд: 3O7,Stand: 3O7
"НПП «Салют», АО",NPP Salyut JSC,Москва,Россия,Moscow,Russia,Стенд: 3F7-3,Stand: 3F7-3
"НПП «Салют», АО",NPP Salyut JSC,Нижний Новгород,Россия,Nizhny Novgorod,Russia,Стенд: 2C6,Stand: 2C6
"НПП «Томилинский электронный завод», ООО","NPP ""Tomilinsky electronic plant"", LLC",Люберцы,Россия,Lyubertsy,Russia,Стенд: 2B8-3,Stand: 2B8-3
"НПП «ЭЛТОМ», АО","NPP ""ELTOM"", JSC",Люберцы,Россия,Lyubertsy,Russia,Стенд: 4O1,Stand: 4O1
НПП Исток им. Шокина,NPP Istok im. Shokin,,Россия,,Russia,"Стенд: 2C6, 2O15","Stand: 2C6, 2O15"
"НПФ «Меридиан», АО","NPF ""Meridian"", JSC",Санкт-Петербург,Россия,Saint-Petersburg,Russia,Стенд: 3C7,Stand: 3C7
"НПФ «Сигма», АО","NPF ""Sigma"", JSC",Калуга,Россия,Kaluga,Russia,Стенд: 1A4-5,Stand: 1A4-5
НПФ ОРТ,NPF ORT,Санкт-Петербург,Россия,Saint-Petersburg,Russia,,
"НПФ Эволюция, АО","NPF Evolution, JSC",,Россия,,Russia,Стенд: 4E5-8,Stand: 4E5-8
НПЦ «Вигстар»,"SPC ""Vigstar""",Москва,Россия,Moscow,Russia,Стенд: 2O2-3,Stand: 2O2-3
НПЦ «МитиноПрибор»,"SPC ""MitinoPribor""",Москва,Россия,Moscow,Russia,Стенд: Заочно,Stand: In absentia
"НПЦ «Штандарт», ООО","SPC Shtandart, LLC",Санкт-Петербург,Россия,Saint-Petersburg,Russia,Стенд: 1A6-2,Stand: 1A6-2
"НПЦ Спецнефтьпродукт, АО",NPC Spetsneftprodukt JSC,Москва,Россия,Moscow,Russia,Стенд: Заочно,Stand: In absentia
"НПЦАП им. академика Н.А. Пилюгина, АО",NPTsAP them. Academician N.A. Pilyugina JSC,Москва,Россия,Moscow,Russia,Стенд: VIP 3,Stand: VIP 3
НСГ,NSG,Москва,Россия,Moscow,Russia,,
"НТИ «Радиосвязь», АО","NTI ""Radiosvyaz"", JSC",Санкт-Петербург,Россия,Saint-Petersburg,Russia,Стенд: 1E8,Stand: 1E8
"НТЛ «Нэкст Техника», ЗАО","NTL ""Next Technika"", CJSC",,Россия,,Russia,,
НТЦ «Охрана»,"STC ""Protection""",Москва,Россия,Moscow,Russia,"Стенд: VIP 3, 1O11","Stand: VIP 3, 1O11"
"НТЦ «СИСТЭМ», ООО","STC ""SYSTEM"", LLC",Воронеж,Россия,Voronezh,Russia,Стенд: 3B3-3,Stand: 3B3-3
"НТЦ «ЭНЭКСИС», ООО","STC ENEXIS, LLC",Москва,Россия,Moscow,Russia,Стенд: 2O10,Stand: 2O10
НТЦ АКТОР,STC AKTOR,Москва,Россия,Moscow,Russia,Стенд: 1B9,Stand: 1B9
НТЦ Амплитуда,NTC Amplitude,Москва,Россия,Moscow,Russia,,
"НТЦ ЗМКС, ООО","NTC ZMKS, OOO",Москва,Россия,Moscow,Russia,Стенд: 3C4-1,Stand: 3C4-1
"НТЦ Курс, ООО","NTC Kurs, OOO",Раменское,Россия,Ramenskoye,Russia,Стенд: 3F4-1,Stand: 3F4-1
"НТЦ ЭЛИНС, АО",STC ELINS JSC,,Россия,,Russia,Стенд: 1D1,Stand: 1D1
"ОАК, ПАО","UAC, PAO",Москва,Россия,Moscow,Russia,Стенд: Демоцентр,Stand: Democenter
"Оборонлогистика, ООО","Oboronlogistika, OOO",Москва,Россия,Moscow,Russia,Стенд: 4C2-1,Stand: 4C2-1
"Обуховский завод, АО","Obukhov plant, JSC",Санкт-Петербург,Россия,Saint-Petersburg,Russia,"Стенд: 3C1, 2O5","Stand: 3C1, 2O5"
Общество с ограниченной ответственностью «Военно-промышленная компания» (ООО «ВПК»),"Limited Liability Company ""Military Industrial Company"" (LLC ""VPK"")",Москва,Россия,Moscow,Russia,Стенд: 1O5,Stand: 1O5
"Объединенная промышленная редакция, (ОПР)","United Industrial Edition, (OPR)",Москва,Россия,Moscow,Russia,Стенд: 4E5-5,Stand: 4E5-5
"ОДК, АО","ODK, JSC",Москва,Россия,Moscow,Russia,Стенд: Демоцентр,Stand: Democenter
"ОЗ «Микрон», АО","OZ ""Mikron"", JSC",Великие Луки,Россия,Velikiye Luki,Russia,Стенд: 3O4,Stand: 3O4
"ОКБ «Аэрокосмические системы», АО","OKB ""Aerospace Systems"", JSC",Дубна,Россия,Dubna,Russia,Стенд: 1D2-2,Stand: 1D2-2
ОКБ «ТЕХНИКА»,"OKB ""TECHNIKA""",Москва,Россия,Moscow,Russia,Стенд: 1O4,Stand: 1O4
"ОКБ МЭИ, АО",OKB MEI JSC,Москва,Россия,Moscow,Russia,Стенд: VIP 3,Stand: VIP 3
ОКБ Факел,OKB Fakel,Калининград,Россия,Kaliningrad,Russia,Стенд: VIP 3,Stand: VIP 3
Океан Электроники,Ocean of Electronics,Санкт-Петербург,Россия,Saint-Petersburg,Russia,Стенд: 1B7-2,Stand: 1B7-2
"ОКРУГ, ООО","OKRUG, OOO",Москва,Россия,Moscow,Russia,Стенд: 2D5-1,Stand: 2D5-1
"ОКТАВА ДИЗАЙН И МАРКЕТИНГ, ООО",OCTAVA DESIGN AND MARKETING LLC,Тула,Россия,Tula,Russia,Стенд: 5С3,Stand: 5S3
"Октава, АО","Oktava, AO",Тула,Россия,Tula,Russia,Стенд: 2F2-6,Stand: 2F2-6
"ОЛИМП, ООО","OLIMP, OOO",Оренбург,Россия,Orenburg,Russia,Стенд: 3O9,Stand: 3O9
Омнимед,Omnimed,Нижний Новгород,Россия,Nizhny Novgorod,Russia,Стенд: 5О,Stand: 5O
Омсктрансмаш,Omsktransmash,Омск,Россия,Omsk,Russia,Стенд: 3O2,Stand: 3O2
"ООО ""ДВИ ЕВРОТЕХ""","LLC ""DVI EUROTECH""",Москва,Россия,Moscow,Russia,Стенд: 4B7-1,Stand: 4B7-1
ООО «ЛЕОВИТ нутрио»,"LLC ""LEOVIT nutrio""",Москва,Россия,Moscow,Russia,Стенд: 4C5,Stand: 4C5
ООО ЭПО «Сигнал»,"OOO EPO ""Signal""",Энгельс-19,Россия,Engels-19,Russia,Стенд: 3B7-2,Stand: 3B7-2
Оптиспарк,Optispark,,Россия,,Russia,Стенд: 2B8-6,Stand: 2B8-6
"Оптрон-Ставрополь, АО","Optron-Stavropol, JSC",Ставрополь,Россия,Stavropol,Russia,Стенд: 2F3-7,Stand: 2F3-7
ОРАНТА,ORANTA,Москва,Россия,Moscow,Russia,,
"ОРЕЛМЕДТЕХ, ООО","ORELMEDTEKH, OOO",Орел,Россия,Orel,Russia,Стенд: 5С2,Stand: 5S2
Орловский государственный университет им. И.С. Тургенева,Oryol State University I.S. Turgenev,Орел,Россия,Orel,Russia,Стенд: 4A1-1,Stand: 4A1-1
"ОРТУМ - МЕД, ООО","ORTUM - MED, LLC",Ижевск,Россия,Izhevsk,Russia,Стенд: 5С2,Stand: 5S2
"Оршанский авиаремонтный завод, ОАО","Orsha Aircraft Repair Plant, JSC",,Беларусь,,Belarus,Стенд: 2D1,Stand: 2D1
"ОСАТЕК, ООО","OSATEK, OOO",Москва,Россия,Moscow,Russia,Стенд: 1B2-1,Stand: 1B2-1
"ОСК, АО","USC, JSC",Санкт-Петербург,Россия,Saint-Petersburg,Russia,,
Особые решения,Special Solutions,Санкт-Петербург,Россия,Saint-Petersburg,Russia,Стенд: 2A4-4,Stand: 2A4-4
"ОСТ, ООО","OST, OOO",Москва,Россия,Moscow,Russia,Стенд: 3B6-2,Stand: 3B6-2
Отдел медицинской техники,Department of Medical Technology,Екатеринбург,Россия,Yekaterinburg,Russia,Стенд: 4A2-3,Stand: 4A2-3
ОТЗВУК,RESPONSE,Санкт-Петербург,Россия,Saint-Petersburg,Russia,Стенд: 3A1-2,Stand: 3A1-2
"ОТК, ООО","OTK, OOO",Обнинск,Россия,Obninsk,Russia,Стенд: 1F4-4,Stand: 1F4-4
ПАО АНПП «ТЕМП-АВИА»,"PJSC ANPP ""TEMP-AVIA""",Арзамас,Россия,Arzamas,Russia,Стенд: Демоцентр,Stand: Democenter
ПАО МедиаЦентр,PJSC Media Center,,Россия,,Russia,,
ПАРАМЕРУС ООО,PARAMERUS LLC,Курск,Россия,Kursk,Russia,Стенд: 2B8-10,Stand: 2B8-10
"ПАРИЖСКАЯ КОММУНА, МОФ, ЗАО","PARIS COMMUNE, MOF, CJSC",Москва,Россия,Moscow,Russia,Стенд: 5E1-21,Stand: 5E1-21
"Пеленг, ОАО","Peleng, OAO",Минск,Беларусь,Minsk,Belarus,Стенд: 2D2-1,Stand: 2D2-1
"Первое Маршрутное Телевидение, ООО","First Route Television, LLC",Челябинск,Россия,Chelyabinsk,Russia,Стенд: 5E3-2,Stand: 5E3-2
Передовая текстильщица,Advanced textile worker,Королев,Россия,Korolev,Russia,Стенд: 2B3-3,Stand: 2B3-3
"Перехватчик, ООО","Interceptor, OOO",Брянск,Россия,Bryansk,Russia,Стенд: 3B8-3,Stand: 3B8-3
Пермский завод «Машиностроитель»,"Perm plant ""Mashinostroitel""",Пермь,Россия,Perm,Russia,Стенд: Демоцентр,Stand: Democenter
Петрозаводский государственный университет,Petrozavodsk State University,Петрозаводск,Россия,Petrozavodsk,Russia,Стенд: 4E5-6,Stand: 4E5-6
"ПК ""Композит"", ООО","PK ""Composite"", LLC",Новосибирск,Россия,Novosibirsk,Russia,Стенд: 4A3-5,Stand: 4A3-5
"ПК «Сибирский Проект», ООО","PK Siberian Project, LLC",,Россия,,Russia,Стенд: 3E3-4,Stand: 3E3-4
ПК Аквариус,PC Aquarius,,Россия,,Russia,Стенд: 1B8-3,Stand: 1B8-3
"ПКБ«РИО», АО","Design Bureau ""RIO"", JSC",Санкт-Петербург,Россия,Saint-Petersburg,Russia,"Стенд: 1,00E+08",Stand: 1.00E+08
ПЛАЗ,PLAZ,Санкт-Петербург,Россия,Saint-Petersburg,Russia,Стенд: 3B2-2,Stand: 3B2-2
"Пластик-Строймаркет, ООО","Plastik-Stroymarket, OOO",Тверь,Россия,Tver,Russia,Стенд: 3B6-1,Stand: 3B6-1
"ПО «Стрела», АО","PO ""Strela"", JSC",Оренбург,Россия,Orenburg,Russia,Стенд: Демоцентр,Stand: Democenter
ПО «ТАКТИКА»,"ON ""TAKTIKA""",Хабаровск,Россия,Khabarovsk,Russia,Стенд: 4E4-2,Stand: 4E4-2
"ПОЖСНАБ, ООО","POZHSNAB, OOO",Борисов,Беларусь,Borisov,Belarus,Стенд: 5O9,Stand: 5O9
ПОЗИС,POZIS,Зеленодольск,Россия,Zelenodolsk,Russia,Стенд: 5С3,Stand: 5S3
Полёт-Хронос,Flight-Chronos,Москва,Россия,Moscow,Russia,Стенд: 3A2-1,Stand: 3A2-1
Полиграфический комплекс «Красная Звезда»,"Polygraphic complex ""Red Star""",Москва,Россия,Moscow,Russia,Стенд: 4B3-2,Stand: 4B3-2
ПОЛИМЕРКОМПАНИ,POLYMER COMPANY,Щёлково,Россия,Shchyolkovo,Russia,Стенд: 4E3-1,Stand: 4E3-1
"Полководец, журнал","Commander, magazine",Москва,Россия,Moscow,Russia,Стенд: 4F2-9,Stand: 4F2-9
"Полюс, АО (АО «ВЦКБ «Полюс»)",Polyus JSC (VTSKB Polyus JSC),Воронеж,Россия,Voronezh,Russia,Стенд: 2O2-4,Stand: 2O2-4
ПортНьюс,PortNews,Санкт-Петербург,Россия,Saint-Petersburg,Russia,Стенд: Заочно,Stand: In absentia
ПОТОК - Трубная компания,POTOK - Pipe company,,Россия,,Russia,Стенд: 5E1-18,Stand: 5E1-18
"Прикладная механика, ООО","Applied Mechanics, LLC",Москва,Россия,Moscow,Russia,Стенд: 1B4-4,Stand: 1B4-4
"ПРИОРИТЕТ, ООО",PRIORITET LLC,Миасс,Россия,Miass,Russia,Стенд: 5D4-2,Stand: 5D4-2
"Производственная безопасность и экология, ООО","Industrial safety and ecology, LLC",Москва,Россия,Moscow,Russia,Стенд: 2B7-4,Stand: 2B7-4
"Производственная Медицинская Компания, ООО","Manufacturing Medical Company, LLC",Нижегородская обл.,Россия,Nizhny Novgorod region,Russia,Стенд: 5С2,Stand: 5S2
"Пролетарский завод, ПАО","Proletarian Plant, PAO",Санкт-Петербург,Россия,Saint-Petersburg,Russia,,
"Промприбор, АО",Prompribor JSC,Ливны,Россия,Livny,Russia,Стенд: 1A4-0,Stand: 1A4-0
"ПРОМТЕХ-Дубна, АО","PROMTEH-Dubna, JSC",Дубна,Россия,Dubna,Russia,Стенд: 1D2-2,Stand: 1D2-2
ПРОТЕЙ СТ,PROTEUS ST,Санкт-Петербург,Россия,Saint-Petersburg,Russia,Стенд: 1E6-2,Stand: 1E6-2
ПСБ,PSB,Москва,Россия,Moscow,Russia,"Стенд: 2C7, 5B2, 5A3","Stand: 2C7, 5B2, 5A3"
"Р.Т.А., ООО","R.T.A., OOO",Москва,Россия,Moscow,Russia,Стенд: 1B5-3,Stand: 1B5-3
"РА Корабел.ру, ООО","RA Korabel.ru, OOO",Санкт-Петербург,Россия,Saint-Petersburg,Russia,Стенд: 1F1-1,Stand: 1F1-1
"Радиоавионика, АО",Radioavionika JSC,Санкт-Петербург,Россия,Saint-Petersburg,Russia,Стенд: 1D3-1,Stand: 1D3-1
"Радиозавод, АО",Radiozavod JSC,Пенза,Россия,Penza,Russia,Стенд: 2O2-1,Stand: 2O2-1
"Радиоизмерения, ООО","Radio measurements, OOO",Казань,Россия,Kazan,Russia,Стенд: 2A4-3,Stand: 2A4-3
"Радиоприбор, АО",Radiopribor JSC,Казань,Россия,Kazan,Russia,Стенд: 4O1,Stand: 4O1
Радиостанция «Авторадио»,"Radio station ""Autoradio""",Москва,Россия,Moscow,Russia,Стенд: Заочно,Stand: In absentia
"Радиофизика, ПАО","Radiophysics, PAO",Москва,Россия,Moscow,Russia,"Стенд: 3C1, 2O5","Stand: 3C1, 2O5"
РАЙТ ГРУПП,WRIGHT GROUP,Москва,Россия,Moscow,Russia,,
"Ракетно-космический центр «Прогресс», АО","Rocket and Space Center ""Progress"", JSC",Самара,Россия,Samara,Russia,Стенд: VIP 3,Stand: VIP 3
"РАМЭК-ВС, АО",RAMEK-VS JSC,Санкт-Петербург,Россия,Saint-Petersburg,Russia,Стенд: 1E4-1,Stand: 1E4-1
"РАТЕП, АО",RATEP JSC,Серпухов,Россия,Serpukhov,Russia,"Стенд: 3C1, 2O5","Stand: 3C1, 2O5"
РГ Медиа,RG Media,Москва,Россия,Moscow,Russia,Стенд: Заочно,Stand: In absentia
РГУ нефти и газа (НИУ) имени И.М. Губкина,Russian State University of Oil and Gas (NRU) named after I.M. Gubkin,Москва,Россия,Moscow,Russia,,
"РДВ Технолоджи, ООО","RDV Technology, OOO",Москва,Россия,Moscow,Russia,Стенд: 5C4-3,Stand: 5C4-3
РЕАМЕД,REAMED,Москва,Россия,Moscow,Russia,Стенд: 5С6,Stand: 5S6
"Регион ГНПП, АО","Region GNPP, JSC",Москва,Россия,Moscow,Russia,Стенд: Демоцентр,Stand: Democenter
Региональный центр лазерных технологий,Regional Center for Laser Technologies,Екатеринбург,Россия,Yekaterinburg,Russia,Стенд: 3F2-1,Stand: 3F2-1
РЕД СОФТ,RED SOFT,Москва,Россия,Moscow,Russia,Стенд: 5C3-3,Stand: 5C3-3
"Ремдизель, АО",Remdizel JSC,Набережные Челны,Россия,Naberezhnye Chelny,Russia,Стенд: 2O4,Stand: 2O4
"Ресайклинг Констракшн, ООО","Recycling Construction, OOO",Воронеж,Россия,Voronezh,Russia,Стенд: 3B3-3,Stand: 3B3-3
Ресурс,Resource,Санкт-Петербург,Россия,Saint-Petersburg,Russia,Стенд: 3F1-2,Stand: 3F1-2
РИА Новости,RIA News,Москва,Россия,Moscow,Russia,"Стенд: 4,00E+01",Stand: 4.00E+01
"РИРВ, АО","RIRV, JSC",Санкт-Петербург,Россия,Saint-Petersburg,Russia,"Стенд: 3C1, 2O5","Stand: 3C1, 2O5"
"РИЦ «Красная звезда» Минобороны России, ФГБУ","RIC ""Red Star"" of the Ministry of Defense of Russia, Federal State Budgetary Institution",Москва,Россия,Moscow,Russia,Стенд: 4F2-1,Stand: 4F2-1
"РКК «ЭНЕРГИЯ», ПАО","RSC ENERGIA, PJSC",Королёв,Россия,Korolev,Russia,Стенд: VIP 3,Stand: VIP 3
Робком,Robkom,Новосибирск,Россия,Novosibirsk,Russia,,
Робоаэронавтика,Roboaeronautics,Санкт-Петербург,Россия,Saint-Petersburg,Russia,Стенд: 2B8-8,Stand: 2B8-8
"РОБОЛЁТ, ООО","ROBOLET, OOO",Москва,Россия,Moscow,Russia,,
РООССА издательство,ROOSSA publishing house,Москва,Россия,Moscow,Russia,,
"РосАвтоЦентр, ООО","RosAvtoCentr, OOO",Санкт-Петербург,Россия,Saint-Petersburg,Russia,,
"Росатом, Государственная корпорация по атомной энергии","Rosatom, State Atomic Energy Corporation",Москва,Россия,Moscow,Russia,"Стенд: 3D1, 5B3","Stand: 3D1, 5B3"
Росгвардия,National Guard,,Россия,,Russia,Стенд: 5A1,Stand: 5A1
"РОСКЕР, ООО","ROSKER, OOO",Электросталь,Россия,Elektrostal,Russia,Стенд: 3B6-4,Stand: 3B6-4
Роскосмос,Roscosmos,Москва,Россия,Moscow,Russia,Стенд: VIP 3,Stand: VIP 3
Рособоронэкспорт,Rosoboronexport,Москва,Россия,Moscow,Russia,"Стенд: 2D8, 1O1, VIP 1","Booth: 2D8, 1O1, VIP 1"
"Российские космические системы, АО",Russian Space Systems JSC,Москва,Россия,Moscow,Russia,"Стенд: VIP 3, 1O9","Stand: VIP 3, 1O9"
РОССИЙСКИЕ МАРКИРОВОЧНЫЕ СИСТЕМЫ,RUSSIAN MARKING SYSTEMS,Екатеринбург,Россия,Yekaterinburg,Russia,,
Российские сети вещания и оповещения (ФГУП РСВО),Russian broadcasting and warning networks (FSUE RSVO),Москва,Россия,Moscow,Russia,Стенд: 1B8-1,Stand: 1B8-1
Российский Федеральный Ядерный Центр - Всероссийский научно-исследовательский институт экспериментальной физики,Russian Federal Nuclear Center - All-Russian Research Institute of Experimental Physics,Саров,Россия,Sarov,Russia,Стенд: 3D1,Stand: 3D1
Российское военно-историческое общество,Russian Military Historical Society,Москва,Россия,Moscow,Russia,Стенд: 4C6-3,Stand: 4C6-3
"Роствертол, ПАО","Rostvertol, PAO",,Россия,,Russia,Стенд: 1O3,Stand: 1O3
"Ростелеком, ПАО","Rostelecom, PAO",,Россия,,Russia,Стенд: 5D6,Stand: 5D6
"Ростовский оптико-механический завод, ПАО","Rostov Optical and Mechanical Plant, PJSC",Ростов,Россия,Rostov,Russia,Стенд: 2F3-1,Stand: 2F3-1
Росэлектроника,Ruselectronics,Москва,Россия,Moscow,Russia,Стенд: 2C6,Stand: 2C6
Ротор 43,Rotor 43,Ростов-на-Дону,Россия,Rostov-on-Don,Russia,,
"РПЗ, АО",RPZ JSC,Раменское,Россия,Ramenskoye,Russia,Стенд: 4O1,Stand: 4O1
"РПКБ, АО","RPKB, JSC",Раменское,Россия,Ramenskoye,Russia,Стенд: 4O1,Stand: 4O1
РТ-Техприемка,RT-Tekhpriemka,Москва,Россия,Moscow,Russia,Стенд: Демоцентр,Stand: Democenter
"РТЕХ-НО, АО","RTEKH-NO, JSC",Московская обл.,Россия,Moscow region,Russia,,
РТИ,RTI,Москва,Россия,Moscow,Russia,Стенд: 3C8-1,Stand: 3C8-1
"Рубеж-Техно, ООО","Rubezh-Tehno, OOO",Краснодар,Россия,Krasnodar,Russia,Стенд: 3F7-1,Stand: 3F7-1
РУБРУКС,RUBROOKS,Москва,Россия,Moscow,Russia,Стенд: 3F3-2,Stand: 3F3-2
РусАрм,RusArm,Москва,Россия,Moscow,Russia,,
Русатом - Аддитивные Технологии,Rusatom - Additive Technologies,,Россия,,Russia,Стенд: 2O12,Stand: 2O12
"РусБИТех, АО","RusBITech, JSC",Москва,Россия,Moscow,Russia,Стенд: 1D6,Stand: 1D6
"РУССКИЕ ВЕЗДЕХОДЫ ПЛАСТУН, ООО",RUSSIAN ATVs PLASTUN LLC,Санкт-Петербург,Россия,Saint-Petersburg,Russia,Стенд: 3O12,Stand: 3O12
Русское географическое общество,Russian Geographical Society,Санкт-Петербург,Россия,Saint-Petersburg,Russia,Стенд: 3C8-2,Stand: 3C8-2
РУССОФТ,RUSSOFT,,Россия,,Russia,Стенд: 5B7,Stand: 5B7
Русьтелетех,Rusteletech,Москва,Россия,Moscow,Russia,Стенд: 1F4-6,Stand: 1F4-6
"Рынок Электротехники, журнал-справочник","Market of Electrical Engineering, magazine-reference book",Москва,Россия,Moscow,Russia,Стенд: 1F1-13,Stand: 1F1-13
"Рязанский Радиозавод, АО","Ryazan Radio Plant, JSC",Рязань,Россия,Ryazan,Russia,Стенд: 2C6,Stand: 2C6
С-ГРУП – ЦЕНТР КОРПОРАТИВНЫХ КОММУНИКАЦИЙ,S-GROUP - CENTER FOR CORPORATE COMMUNICATIONS,,Россия,,Russia,Стенд: 5C4,Stand: 5C4
"С.П.ГЕЛПИК, ООО","S.P. GELPIK, OOO",Москва,Россия,Moscow,Russia,Стенд: 5С3,Stand: 5S3
"Салют, АО","Salyut, AO",Самара,Россия,Samara,Russia,Стенд: Демоцентр,Stand: Democenter
САМАРОВО,SAMAROVO,Москва,Россия,Moscow,Russia,Стенд: 4A2-2,Stand: 4A2-2
"Самарский завод медицинских изделий, ООО","Samara plant of medical products, LLC",Тольятти,Россия,Tolyatti,Russia,Стенд: 4B6-2,Stand: 4B6-2
"Самарский национальный исследовательский университет имени академика С.П. Королева, ФГАОУ ВО","Samara National Research University named after Academician S.P. Koroleva, Federal State Autonomous Educational Institution of Higher Education",Самара,Россия,Samara,Russia,Стенд: 4E5-3,Stand: 4E5-3
"САМТЕК, ЗАО","SAMTEK, CJSC",Тольятти,Россия,Tolyatti,Russia,Стенд: 5E1-14,Stand: 5E1-14
Санкт-Петербургский государственный электротехнический университет «ЛЭТИ» им. В.И. Ульянова (Ленина),"St. Petersburg State Electrotechnical University ""LETI"" IN AND. Ulyanov (Lenin)",Санкт-Петербург,Россия,Saint-Petersburg,Russia,,
Санкт-Петербургский политехнический университет Петра Великого,St. Petersburg Polytechnic University of Peter the Great,Санкт-Петербург,Россия,Saint-Petersburg,Russia,Стенд: 4D2-1,Stand: 4D2-1
"Сарапульский электрогенераторный завод, АО",Sarapul Power Plant JSC,Сарапул,Россия,Sarapul,Russia,"Стенд: 1E2-1, 1O8","Stand: 1E2-1, 1O8"
"САРАТОВСКИЙ РАДИОПРИБОРНЫЙ ЗАВОД, АО","SARATOV RADIO INSTRUMENT PLANT, JSC",Саратов,Россия,Saratov,Russia,Стенд: Демоцентр,Stand: Democenter
Сбалансированные Оружейные Технологии,Balanced Weapon Technologies,Екатеринбург,Россия,Yekaterinburg,Russia,Стенд: 2F2-3,Stand: 2F2-3
СВ МСК,SW MSC,Москва,Россия,Moscow,Russia,Стенд: 3A1-4,Stand: 3A1-4
"СВД Встраиваемые Системы, ООО",SVD Embedded Systems LLC,Санкт-Петербург,Россия,Saint-Petersburg,Russia,Стенд: 1B2-4,Stand: 1B2-4
"Связь.ком, ООО","Svyaz.com, OOO",Москва,Россия,Moscow,Russia,Стенд: 1A5-5,Stand: 1A5-5
"СДС, ООО","SDS, OOO",Санкт-Петербург,Россия,Saint-Petersburg,Russia,Стенд: 1B5-1,Stand: 1B5-1
"Северная верфь, ПАО","Severnaya Verf, PAO",Санкт-Петербург,Россия,Saint-Petersburg,Russia,Стенд: Демоцентр,Stand: Democenter
"Северная заря НПК, АО",Severnaya Zarya NPK JSC,Санкт-Петербург,Россия,Saint-Petersburg,Russia,Стенд: 1B3-3,Stand: 1B3-3
"Северное ПКБ, АО","Severnoe Design Bureau, JSC",Санкт-Петербург,Россия,Saint-Petersburg,Russia,Стенд: Демоцентр,Stand: Democenter
"СЕВМАШ, АО","SEVMASH, JSC",Северодвинск,Россия,Severodvinsk,Russia,Стенд: Демоцентр,Stand: Democenter
"СЕЛЛДЖИМ-РУС, ООО","SELLGIM-RUS, OOO",Москва,Россия,Moscow,Russia,,
"Си Проект, ЗАО","Sea Project, CJSC",Санкт-Петербург,Россия,Saint-Petersburg,Russia,Стенд: 1B6-1,Stand: 1B6-1
СИБЕР,SIBER,Москва,Россия,Moscow,Russia,Стенд: Демоцентр,Stand: Democenter
Сибирский федеральный университет,Siberian Federal University,Красноярск,Россия,Krasnoyarsk,Russia,Стенд: 1A4-2,Stand: 1A4-2
"Сибирь-мехатроника, ООО","Sibir-mekhatronika, OOO",Новосибирск,Россия,Novosibirsk,Russia,Стенд: 1F2-9,Stand: 1F2-9
"СибКонтакт, ООО","SibKontakt, OOO",Новосибирск,Россия,Novosibirsk,Russia,Стенд: 1A6-1,Stand: 1A6-1
"Сигма-Вент, ООО","Sigma-Vent, OOO",Балашиха,Россия,Balashikha,Russia,,
"Сигнал, ПАО","Signal, PAO",Ставрополь,Россия,Stavropol,Russia,Стенд: 4O1,Stand: 4O1
"Силур, ООО","Silur, OOO",Пермь,Россия,Perm,Russia,Стенд: 3F6-1,Stand: 3F6-1
"СИНТОЛ, ООО","SINTOL, OOO",Москва,Россия,Moscow,Russia,Стенд: 2A5-4,Stand: 2A5-4
Система промышленная группа,Industrial group system,Санкт-Петербург,Россия,Saint-Petersburg,Russia,Стенд: 3B7-3,Stand: 3B7-3
"Системы прецизионного приборостроения, НПК","Precision Instrumentation Systems, NPK",Москва,Россия,Moscow,Russia,Стенд: VIP 3,Stand: VIP 3
Ситроникс КТ,Sitronics CT,Санкт-Петербург,Россия,Saint-Petersburg,Russia,Стенд: 1C3,Stand: 1C3
"СК Райдекс, ООО","SK Raideks, OOO",Москва,Россия,Moscow,Russia,,
"СКАНДА РУС, АО",SCANDA RUS JSC,Красногорск,Россия,Krasnogorsk,Russia,Стенд: 3A1-1,Stand: 3A1-1
"Смоленский авиационный завод, АО","Smolensk Aviation Plant, JSC",Смоленск,Россия,Smolensk,Russia,Стенд: Демоцентр,Stand: Democenter
СО «БраМос»,"SO ""BrahMos""",Дели,Индия,Delhi,India,"Стенд: 3B5-1, 3O6","Stand: 3B5-1, 3O6"
Собственные Технологии,Own Technologies,Москва,Россия,Moscow,Russia,Стенд: 1A3-3,Stand: 1A3-3
Современные технологии заземления,Modern grounding technologies,Москва,Россия,Moscow,Russia,Стенд: Заочно,Stand: In absentia
"Современные Технологические Линии, ООО","Modern Technological Lines, LLC",Москва,Россия,Moscow,Russia,"Стенд: 1F3-4, 2F3-4, 2A5-5","Stand: 1F3-4, 2F3-4, 2A5-5"
"Совэлмаш, ООО","Sovelmash, OOO",Москва,Россия,Moscow,Russia,"Стенд: 3B6-3, 3O8","Stand: 3B6-3, 3O8"
"СОГАЗ, АО",SOGAZ JSC,Москва,Россия,Moscow,Russia,,
"Соединитель, АО","Connector, JSC",Миасс,Россия,Miass,Russia,Стенд: 2A2-3,Stand: 2A2-3
Созвездие,Constellation,Москва,Россия,Moscow,Russia,Стенд: 2F2-8,Stand: 2F2-8
"СОЛИТОН, НПП","SOLITON, NPP",Саратов,Россия,Saratov,Russia,Стенд: 2O13,Stand: 2O13
СофтЭксперт,SoftExpert,Московская обл.,Россия,Moscow region,Russia,Стенд: 1A3-7,Stand: 1A3-7
СПбНИИВС ФМБА России,SPbNIIVS FMBA of Russia,Санкт-Петербург,Россия,Saint-Petersburg,Russia,Стенд: 4C3,Stand: 4C3
"Спектр-АТ, НПЦ","Spektr-AT, NPC",Москва,Россия,Moscow,Russia,Стенд: 4C3,Stand: 4C3
"Специальное конструкторское бюро машиностроения, АО","Special Design Bureau of Mechanical Engineering, JSC",,Россия,,Russia,Стенд: 3O1,Stand: 3O1
Специальные проекты машиностроения,Special engineering projects,,Россия,,Russia,Стенд: 2O17,Stand: 2O17
"Спецмедтехника, ООО","Spetsmedtechnika, OOO",Санкт-Петербург,Россия,Saint-Petersburg,Russia,Стенд: 1A5-4,Stand: 1A5-4
Спецпоставка ЭК,Special delivery of EC,Санкт-Петербург,Россия,Saint-Petersburg,Russia,,
"СпецТехМет, ООО","SpecTehMet, OOO",Москва,Россия,Moscow,Russia,Стенд: 4D2-2,Stand: 4D2-2
СПЛАВ,ALLOY,Тула,Россия,Tula,Russia,Стенд: 4A2-1,Stand: 4A2-1
"СПО «Арктика», АО","SPO Arktika, JSC",Северодвинск,Россия,Severodvinsk,Russia,Стенд: Демоцентр,Stand: Democenter
"СПОРТ ВИАПОН КАСТОМ, ООО",SPORT VIAPON CUSTOM LLC,,Россия,,Russia,Стенд: 3E3-4,Stand: 3E3-4
"Средне-Невский судостроительный завод, АО","Sredne-Nevsky shipbuilding plant, JSC",Санкт-Петербург,Россия,Saint-Petersburg,Russia,Стенд: Демоцентр,Stand: Democenter
"СТ-Авто, АО","ST-Auto, JSC",Химки,Россия,Khimki,Russia,Стенд: 5O20,Stand: 5O20
"Страйк Форс, ООО","Strike Force, OOO",Москва,Россия,Moscow,Russia,Стенд: 2A3-2,Stand: 2A3-2
Сувениры Балтики,Souvenirs of the Baltic,Калининград,Россия,Kaliningrad,Russia,,
"Судостроительная Корпорация «Ак Барс», АО","Shipbuilding Corporation ""Ak Bars"", JSC",Зеленодольск,Россия,Zelenodolsk,Russia,Стенд: 3D6,Stand: 3D6
"Судостроительный завод «Вымпел», АО","Shipyard ""Vympel"", JSC",Рыбинск,Россия,Rybinsk,Russia,Стенд: Демоцентр,Stand: Democenter
"Судостроительный завод имени Б.Е. Бутомы, АО","Shipyard named after B.E. Butomy, JSC",Керчь,Россия,Kerch,Russia,Стенд: 3D6,Stand: 3D6
"Схема, ОАО","Scheme, JSC",Ставрополь,Россия,Stavropol,Russia,Стенд: 2F3-7,Stand: 2F3-7
"Т-Транс, ООО","T-Trans, OOO",Москва,Россия,Moscow,Russia,Стенд: 2B6-3,Stand: 2B6-3
Таганрогский научно-исследовательский институт связи,Taganrog Research Institute of Communications,Таганрог,Россия,Taganrog,Russia,,
"Тайфун, АО","Typhoon, AO",Калуга,Россия,Kaluga,Russia,"Стенд: 3C7, 1O7","Stand: 3C7, 1O7"
"ТАЙФУН, ООО",TYPHOON LLC,Ленинградская обл.,Россия,Leningrad region,Russia,Стенд: 3O15,Stand: 3O15
"Тактическое ракетное вооружение, АО",Tactical Missiles JSC,Королев,Россия,Korolev,Russia,Стенд: Демоцентр,Stand: Democenter
ТАСС,TASS,Москва,Россия,Moscow,Russia,Стенд: 4F1,Stand: 4F1
"ТД «Спасательное оборудование», ООО","TD ""Rescue equipment"", LLC",Москва,Россия,Moscow,Russia,,
"ТД «Тверь-Ювелир», ООО","TD ""Tver-Yuvelir"", LLC",Тверь,Россия,Tver,Russia,Стенд: 2B1-2,Stand: 2B1-2
"ТД Целоформ, ООО","TD Tseloform, OOO",,Россия,,Russia,Стенд: 4A3-4,Stand: 4A3-4
Текстайм,texttime,Москва,Россия,Moscow,Russia,Стенд: 2A3-3,Stand: 2A3-3
Телеканал RT,TV channel RT,Москва,Россия,Moscow,Russia,,
"Телепорт- Монтаж, ООО","Teleport- Montazh, OOO",Химки,Россия,Khimki,Russia,Стенд: 1B1-3,Stand: 1B1-3
Телерадиокомпания ЗВЕЗДА,TV and radio company ZVEZDA,Москва,Россия,Moscow,Russia,"Стенд: 4D1, 4C1-2","Stand: 4D1, 4C1-2"
Тен Оптикс,ten optics,Москва,Россия,Moscow,Russia,,
Техбионик,techbionic,Великий Новгород,Россия,Veliky Novgorod,Russia,Стенд: 5С2,Stand: 5S2
"Техинформ, ООО","Teinform, OOO",Москва,Россия,Moscow,Russia,,
"ТехЛазер, ООО","TehLazer, OOO",Санкт-Петербург,Россия,Saint-Petersburg,Russia,Стенд: 1A6-3,Stand: 1A6-3
"Техно ТОР, ООО","Techno TOR, OOO",Нижний Новгород,Россия,Nizhny Novgorod,Russia,Стенд: 3O16,Stand: 3O16
"Техно-Альянс Электроникс, НТФ, ООО","Techno-Alliance Electronics, NTF, OOO",Москва,Россия,Moscow,Russia,Стенд: 1F3-10,Stand: 1F3-10
"Технодинамика, АО",Technodinamika JSC,Москва,Россия,Moscow,Russia,Стенд: Демоцентр,Stand: Democenter
"Технологии радиоконтроля, АО","Radio control technologies, JSC",Санкт-Петербург,Россия,Saint-Petersburg,Russia,Стенд: 3A2-4,Stand: 3A2-4
"Технологический парк космонавтики «ЛИНКОС», ЗАО","Technological Park of Cosmonautics ""LINKOS"", CJSC",Москва,Россия,Moscow,Russia,Стенд: 3C5,Stand: 3C5
Технопарк ХТЦ УАИ-РОСОЙЛ,Technopark HTC UAI-ROSOIL,Уфа,Россия,Ufa,Russia,Стенд: 1F2-10,Stand: 1F2-10
"ТЕХНОСФЕРА, РИЦ","TECHNOSPHERE, RIC",Москва,Россия,Moscow,Russia,Стенд: 1F1-2,Stand: 1F1-2
"Техприбор, ПАО","Tekhpribor, PAO",Санкт-Петербург,Россия,Saint-Petersburg,Russia,Стенд: 4O1,Stand: 4O1
Техсовет,Technical Council,Екатеринбург,Россия,Yekaterinburg,Russia,Стенд: Заочно,Stand: In absentia
ТЗМОИ,TZMOI,Москва,Россия,Moscow,Russia,Стенд: 4B6-4,Stand: 4B6-4
ТИТАНАТ,TITANATE,Дубна,Россия,Dubna,Russia,Стенд: 1A7-2,Stand: 1A7-2
Томская область,Tomsk region,,Россия,,Russia,Стенд: 2E4-1,Stand: 2E4-1
Топ Системы,Top Systems,Москва,Россия,Moscow,Russia,Стенд: 2A1-5,Stand: 2A1-5
"Торговый дом «Бриз», ООО","Trading house ""Breeze"", LLC",Москва,Россия,Moscow,Russia,Стенд: 5E1-17,Stand: 5E1-17
ТОРУС,TORUS,Тверь,Россия,Tver,Russia,Стенд: 3B6-1,Stand: 3B6-1
"ТПК Верстакофф, ООО","TPK Verstakoff, OOO",Москва,Россия,Moscow,Russia,Стенд: 3B8-1,Stand: 3B8-1
ТР-Пром ООО,TR-Prom OOO,Санкт-Петербург,Россия,Saint-Petersburg,Russia,Стенд: 3E1-2,Stand: 3E1-2
Тракторный завод ДСТ-УРАЛ,Tractor plant DST-URAL,Челябинск,Россия,Chelyabinsk,Russia,Стенд: 1O6,Stand: 1O6
Транспорт Будущего (Hi-Fly),Transport of the Future (Hi-Fly),Белгородская обл.,Россия,Belgorod region,Russia,,
"Тренажерные системы, АО","Training systems, JSC",Тула,Россия,Tula,Russia,Стенд: 4D4-1,Stand: 4D4-1
"ТРИТИКАЛЕЦЕНТР, ООО","TRITIKALECENTR, OOO",Элиста,Россия,Elista,Russia,Стенд: 4A3-2,Stand: 4A3-2
ТРЭКОЛ,TREKOL,Люберцы,Россия,Lyubertsy,Russia,Стенд: 2O11,Stand: 2O11
"ТС-СКН, ООО","TS-SKN, OOO",Москва,Россия,Moscow,Russia,Стенд: 3C4-1,Stand: 3C4-1
"ТСР, ООО","TSR, OOO",Екатеринбург,Россия,Yekaterinburg,Russia,Стенд: Заочно,Stand: In absentia
Туламашзавод,Tulamashzavod,Тула,Россия,Tula,Russia,,
"Тулаточмаш, АО","Tulatochmash, JSC",Тула,Россия,Tula,Russia,Стенд: 4D4-1,Stand: 4D4-1
"Тульский патронный завод, АО",Tula Cartridge Plant JSC,Тула,Россия,Tula,Russia,Стенд: 2E3-1,Stand: 2E3-1
"Улан-Удэнский авиационный завод, АО",Ulan-Ude Aviation Plant JSC,Улан-Удэ,Россия,Ulan-Ude,Russia,Стенд: 1O3,Stand: 1O3
Ульяновский механический завод,Ulyanovsk Mechanical Plant,Ульяновск,Россия,Ulyanovsk,Russia,"Стенд: 3C1, 2O5","Stand: 3C1, 2O5"
"Ульяновский патронный завод, АО",Ulyanovsk Cartridge Plant JSC,Ульяновск,Россия,Ulyanovsk,Russia,Стенд: 2E3-1,Stand: 2E3-1
"Ульяновское конструкторское бюро приборостроения, АО (УКБП, АО)","Ulyanovsk Instrument Design Bureau, JSC (UKBP, JSC)",Ульяновск,Россия,Ulyanovsk,Russia,Стенд: 4O1,Stand: 4O1
Умные мишени,smart targets,,Россия,,Russia,Стенд: 4F3-2,Stand: 4F3-2
УМНЫЙ СЕРВИС,SMART SERVICE,Москва,Россия,Moscow,Russia,Стенд: 1F1-8,Stand: 1F1-8
Университет ИТМО,"Saint Petersburg State University of Information Technologies, Mechanics and Optics",Санкт-Петербург,Россия,Saint-Petersburg,Russia,Стенд: 4E2-4,Stand: 4E2-4
"УНИИКМ, АО","UNIIKM, JSC",Пермь,Россия,Perm,Russia,Стенд: Демоцентр,Stand: Democenter
"УПКБ «Деталь», АО",UPKB Detal JSC,Каменск-Уральский,Россия,Kamensk-Uralsky,Russia,Стенд: Демоцентр,Stand: Democenter
Уралвагонзавод,Uralvagonzavod,Москва,Россия,Moscow,Russia,Стенд: 3O2,Stand: 3O2
Уралмеханика,Uralmechanics,,Россия,,Russia,Стенд: 1F3-5,Stand: 1F3-5
"УралПОЖТЕХНИКА, АО",UralPOZHTEHNIKA JSC,Миасс,Россия,Miass,Russia,Стенд: 5O21,Stand: 5O21
"УРАЛТРАНСМАШ, АО","URALTRANSMASH, JSC",,Россия,,Russia,,
"Уральская Алюминиевая Компания, ООО","Ural Aluminum Company, LLC",Москва,Россия,Moscow,Russia,Стенд: 3B10-4,Stand: 3B10-4
"Уральский завод гражданской авиации, АО","Ural Plant of Civil Aviation, JSC",Екатеринбург,Россия,Yekaterinburg,Russia,Стенд: 2D3,Stand: 2D3
Уральский приборостроительный завод,Ural Instrument-Making Plant,Свердловская обл.,Россия,Sverdlovsk region,Russia,Стенд: 4O1,Stand: 4O1
"Уральское производственное предприятие «Вектор», АО","Ural Production Enterprise ""Vector"", JSC",Екатеринбург,Россия,Yekaterinburg,Russia,"Стенд: 3C1, 2O5","Stand: 3C1, 2O5"
Уралэлемент АО,Uralelement JSC,Верхний Уфалей,Россия,Upper Ufaley,Russia,Стенд: Демоцентр,Stand: Democenter
"УРАНИС-РАДИОСИСТЕМЫ, ОАО",URANIS-RADIOSYSTEMS JSC,Ставрополь,Россия,Stavropol,Russia,"Стенд: 1,00E+08",Stand: 1.00E+08
"Уфимское приборостроительное производственное объединение, АО","Ufa Instrument-Making Production Association, JSC",Уфа,Россия,Ufa,Russia,Стенд: 4O1,Stand: 4O1
УФСИН РОССИИ по АСТРАХАНСКОЙ ОБЛАСТИ,UFSIN OF RUSSIA in the ASTRAKHAN REGION,Астрахань,Россия,Astrakhan,Russia,Стенд: 4F5-11,Stand: 4F5-11
УФСИН России по Московской области,Federal Penitentiary Service of Russia for the Moscow Region,Реутов,Россия,Reutov,Russia,Стенд: 4F5-12,Stand: 4F5-12
Учебно-методический центр военно-патриотического воспитания молодежи «Авангард»,"Educational and methodological center of military-patriotic education of youth ""Avangard""",Одинцово,Россия,Odintsovo,Russia,Стенд: 4C1-3,Stand: 4C1-3
Учреждение «Научно-исследовательский институт пожарной безопасности и проблем чрезвычайных ситуаций» МЧС Республики Беларусь,"Institution ""Research Institute of Fire Safety and Emergency Problems"" of the Ministry of Emergency Situations of the Republic of Belarus",Минск,Беларусь,Minsk,Belarus,,
Фабрика им.Мебеля,Furniture factory,Ижевск,Россия,Izhevsk,Russia,Стенд: 2F2-1,Stand: 2F2-1
Фазотрон-НИИР,Phazotron-NIIR,Москва,Россия,Moscow,Russia,Стенд: 4O1,Stand: 4O1
Фактор-ТС,Factor-TS,Москва,Россия,Moscow,Russia,Стенд: 1F3-7,Stand: 1F3-7
ФАРАДЕЙ,FARADEUS,Москва,Россия,Moscow,Russia,Стенд: 2C3-1,Stand: 2C3-1
Фармстандарт-Медтехника,Pharmstandard-Medtechnika,Долгопрудный,Россия,Dolgoprudny,Russia,Стенд: 5С3,Stand: 5S3
ФАУ «ГосНИИАС»,"FAU ""GosNIIAS""",Москва,Россия,Moscow,Russia,Стенд: 1E2-2,Stand: 1E2-2
ФГБУ ВНИИПО МЧС РОССИИ,FGBU VNIIPO EMERCOM OF RUSSIA,Балашиха,Россия,Balashikha,Russia,Стенд: 5D6,Stand: 5D6
ФГБУ ФНКЦ ФХМ ФМБА России,FGBU FSCC FHM FMBA of Russia,Москва,Россия,Moscow,Russia,Стенд: 4C3,Stand: 4C3
ФГБУН НЦБМТ ФМБА России,FGBUN NTSBMT FMBA of Russia,Московская обл.,Россия,Moscow region,Russia,Стенд: 4C3,Stand: 4C3
ФГУП «Военизированная горноспасательная часть»,"Federal State Unitary Enterprise ""Militarized Mine Rescue Unit""",Москва,Россия,Moscow,Russia,"Стенд: 5C2-2, 5O5, 5O6","Stand: 5C2-2, 5O5, 5O6"
ФГУП «НИИ ГПЭЧ» ФМБА России,"Federal State Unitary Enterprise ""NII GPEC"" FMBA of Russia",Ленинградская обл.,Россия,Leningrad region,Russia,Стенд: 4C3,Stand: 4C3
ФГУП «Федеральный центр по проектированию и развитию объектов ядерной медицины» ФМБА России,"Federal State Unitary Enterprise ""Federal Center for Design and Development of Nuclear Medicine Facilities"" FMBA of Russia",Москва,Россия,Moscow,Russia,Стенд: 4C3,Stand: 4C3
ФГУП «ЦИТО» Минпромторга России,"FSUE ""CITO"" of the Ministry of Industry and Trade of Russia",Москва,Россия,Moscow,Russia,Стенд: 5С2,Stand: 5S2
ФГУП НПЦ «Фармзащита» ФМБА России,"Federal State Unitary Enterprise SPC ""Pharmzashchita"" FMBA of Russia",Химки,Россия,Khimki,Russia,Стенд: 4C3,Stand: 4C3
Федеральное агентство новостей,Federal news agency,Санкт-Петербург,Россия,Saint-Petersburg,Russia,Стенд: Заочно,Stand: In absentia
Федеральное государственное бюджетное учреждение науки Санкт-Петербургский научный центр Российской академии наук,Federal State Budgetary Institution of Science St. Petersburg Scientific Center of the Russian Academy of Sciences,Санкт-Петербург,Россия,Saint-Petersburg,Russia,Стенд: 4B5-3,Stand: 4B5-3
Федеральное медико-биологическое агентство,Federal Biomedical Agency,Москва,Россия,Moscow,Russia,Стенд: 4C3,Stand: 4C3
Федеральный центр мозга и нейротехнологий ФМБА России,Federal Center for Brain and Neurotechnologies of FMBA of Russia,Москва,Россия,Moscow,Russia,Стенд: 4C3,Stand: 4C3
Филиал АО «ОРКК» -«НИИ КП»,"Branch of JSC ""ORKK"" - ""NII KP""",Москва,Россия,Moscow,Russia,Стенд: VIP 3,Stand: VIP 3
Филиал РФЯЦ-ВНИИЭФ «НИИИС им. Ю.Е. Седакова»,"Branch of RFNC-VNIIEF “NIIIS im. Yu.E. Sedakova""",Нижний Новгород,Россия,Nizhny Novgorod,Russia,Стенд: 3D1,Stand: 3D1
Финансовый университет при Правительстве Российской Федерации,Financial University under the Government of the Russian Federation,Москва,Россия,Moscow,Russia,Стенд: 2F2-7,Stand: 2F2-7
ФИНТЕХ АО,FINTECH JSC,Москва,Россия,Moscow,Russia,Стенд: 3F5-2,Stand: 3F5-2
"ФЛАГМАН, ООО","FLAGMAN, OOO",Жуковский,Россия,Zhukovsky,Russia,Стенд: 2B3-2,Stand: 2B3-2
"ФНПЦ «ПО «Старт» им.М.В.Проценко», АО","FNPTs ""PO ""Start"" named after M.V. Protsenko"", JSC",Заречный,Россия,Zarechny,Russia,Стенд: 3D1,Stand: 3D1
Фолипласт,Foliplast,Нижний Новгород,Россия,Nizhny Novgorod,Russia,Стенд: 2F2-9,Stand: 2F2-9
Фонд развития промышленности Краснодарского края,Industrial Development Fund of the Krasnodar Territory,Краснодар,Россия,Krasnodar,Russia,Стенд: 2B6-1,Stand: 2B6-1
Фонд содействия развитию военного образования,Foundation for the Promotion of Military Education,Москва,Россия,Moscow,Russia,,
Формула света,formula of light,Клинцы,Россия,Klintsy,Russia,Стенд: 5E1-11,Stand: 5E1-11
"ФОРТ Технология, АО",FORT Technology JSC,Москва,Россия,Moscow,Russia,Стенд: 3B3-2,Stand: 3B3-2
"ФОРТУНА-Н, ООО","FORTUNA-N, OOO",Ворсма,Россия,Vorsma,Russia,Стенд: 2A5-6,Stand: 2A5-6
"ФП ""Своих не бросаем""","FP ""We do not leave our own""",Сочи,Россия,Sochi,Russia,,
Фрегат,Frigate,Санкт-Петербург,Россия,Saint-Petersburg,Russia,Стенд: 1C5,Stand: 1C5
"Фрязинский завод мощных транзисторов, АО","Fryazinsky Plant of Power Transistors, JSC",Фрязино,Россия,Fryazino,Russia,Стенд: 1A7-3,Stand: 1A7-3
"ФЦНИВТ «СНПО «ЭЛЕРОН», АО","FTSNIVT ""SNPO ""ELERON"", JSC",Москва,Россия,Moscow,Russia,,
"Хабаровский судостроительный завод, АО","Khabarovsk shipbuilding plant, JSC",Хабаровск,Россия,Khabarovsk,Russia,Стенд: Демоцентр,Stand: Democenter
Хирана+,Hirana+,Москва,Россия,Moscow,Russia,Стенд: 5С3,Stand: 5S3
Центр Инженерных Систем,Center for Engineering Systems,,Россия,,Russia,Стенд: 1B4-1,Stand: 1B4-1
"Центр КиберБезопасности, ООО","Center for Cyber Security, LLC",Челябинск,Россия,Chelyabinsk,Russia,Стенд: 1F2-7,Stand: 1F2-7
Центр Комплексных Беспилотных Решений,Center for Integrated Unmanned Solutions,Жуковский,Россия,Zhukovsky,Russia,Стенд: 2B8-4,Stand: 2B8-4
Центр крови ФМБА России,Blood Center of FMBA of Russia,Москва,Россия,Moscow,Russia,Стенд: 4C3,Stand: 4C3
Центр стратегических инициатив ФМБА,Center for Strategic Initiatives FMBA,Москва,Россия,Moscow,Russia,Стенд: 4C3,Stand: 4C3
Центр экстренной психологической помощи МЧС России,Center for Emergency Psychological Assistance of the Ministry of Emergency Situations of Russia,Москва,Россия,Moscow,Russia,,
Центральное конструкторское бюро автоматики,Central Design Bureau of Automation,Омск,Россия,Omsk,Russia,Стенд: Демоцентр,Stand: Democenter
"Центральное конструкторское бюро аппаратостроения, АО","Central Design Bureau of Apparatus Building, JSC",,Россия,,Russia,Стенд: 3O1,Stand: 3O1
"Центральный научно – исследовательский технологический институт «Техномаш», АО","Central Scientific Research Technological Institute ""Technomash"", JSC",Москва,Россия,Moscow,Russia,Стенд: Демоцентр,Stand: Democenter
"ЦИР «Парус», ООО","CIR ""Parus"", LLC",Москва,Россия,Moscow,Russia,Стенд: 1F4-3,Stand: 1F4-3
"ЦИТ-Плюс, ООО","CIT-Plus, OOO",Саратов,Россия,Saratov,Russia,Стенд: 5D4-3,Stand: 5D4-3
"ЦКБ МТ «Рубин», АО","Central Design Bureau MT ""Rubin"", JSC",Санкт-Петербург,Россия,Saint-Petersburg,Russia,Стенд: 3D7,Stand: 3D7
"ЦКБ по СПК им. Р.Е. Алексеева, АО","Central Design Bureau for SPK them. R.E. Alekseeva, JSC",Нижний Новгород,Россия,Nizhny Novgorod,Russia,Стенд: 1C1,Stand: 1C1
ЦМКБ «Алмаз» (АО),TsMKB Almaz (JSC),Санкт-Петербург,Россия,Saint-Petersburg,Russia,Стенд: Демоцентр,Stand: Democenter
"ЦНИИ «Циклон», АО","Central Research Institute ""Cyclone"", JSC",Москва,Россия,Moscow,Russia,"Стенд: 2C6, 2O15","Stand: 2C6, 2O15"
"ЦНИИ машиностроения, АО (АО «ЦНИИмаш»)","Central Research Institute of Mechanical Engineering, JSC (TsNIIMash JSC)",Королёв,Россия,Korolev,Russia,Стенд: VIP 3,Stand: VIP 3
"ЦНИИАГ, АО","TsNIIAG, JSC",Москва,Россия,Moscow,Russia,Стенд: 3O1,Stand: 3O1
"ЦНИИТОЧМАШ, АО","TSNIITOCHMASH, JSC",Подольск,Россия,Podolsk,Russia,Стенд: 3O1,Stand: 3O1
"ЦНИИХМ, ФГУП","TsNIIKhM, FSUE",Москва,Россия,Moscow,Russia,,
"ЦНИРТИ им. академика А.И. Берга, АО","TsNIRTI them. academician A.I. Berga, JSC",Москва,Россия,Moscow,Russia,"Стенд: 3C1, 2O5","Stand: 3C1, 2O5"
ЦПП Костромской области,CPP of the Kostroma region,,Россия,,Russia,Стенд: 4F3-3,Stand: 4F3-3
"ЦЭНКИ, АО",TsENKI JSC,Москва,Россия,Moscow,Russia,Стенд: VIP 3,Stand: VIP 3
"Чайковский текстиль, Группа компаний","Tchaikovsky textile, Group of companies",Москва,Россия,Moscow,Russia,Стенд: 2B4-3,Stand: 2B4-3
Часовое производство Русское время,Watchmaking Russian time,Москва,Россия,Moscow,Russia,Стенд: 1A7-1,Stand: 1A7-1
"ЧТЗ-УРАЛТРАК, ООО","CHTZ-URALTRAK, OOO",Челябинск,Россия,Chelyabinsk,Russia,Стенд: 3O2,Stand: 3O2
"Чувашкабель, Завод, АО","Chuvashkabel, Zavod, JSC",Чебоксары,Россия,Cheboksary,Russia,Стенд: 3A2-3,Stand: 3A2-3
Чувашская Республика,Chuvash Republic,Чебоксары,Россия,Cheboksary,Russia,,
"Швабе, АО","Shvabe, JSC",Москва,Россия,Moscow,Russia,Стенд: 5С6,Stand: 5S6
Шерп,Sherpa,Санкт-Петербург,Россия,Saint-Petersburg,Russia,Стенд: 5O2,Stand: 5O2
Ширшов К.Е.,Shirshov K.E.,Москва,Россия,Moscow,Russia,Стенд: 2F2-5,Stand: 2F2-5
"Щелковская шелкоткацкая фабрика, ЗАО","Shchelkovo silk-weaving factory, CJSC",Щелково,Россия,Shchelkovo,Russia,Стенд: 2A2-1,Stand: 2A2-1
"Эверс груп Рус, ООО","Evers group Rus, OOO",Москва,Россия,Moscow,Russia,Стенд: 5С2,Stand: 5S2
ЭДган,EDgun,Санкт-Петербург,Россия,Saint-Petersburg,Russia,,
Эйрбург,Airburg,Екатеринбург,Россия,Yekaterinburg,Russia,,
Эйрспектор,Airspector,Москва,Россия,Moscow,Russia,Стенд: 1F4-9,Stand: 1F4-9
ЭКОПОРТРЕТ-М,ECOPORTRET-M,Александров,Россия,Alexandrov,Russia,Стенд: 2A3-4,Stand: 2A3-4
ЭКОСПАС,ECOSPAS,Москва,Россия,Moscow,Russia,Стенд: 5C1-1,Stand: 5C1-1
"Экспериментальная мастерская НаукаСофт, ООО","Experimental workshop NaukaSoft, OOO",Москва,Россия,Moscow,Russia,Стенд: 1B7-4,Stand: 1B7-4
Эксполит,Expolit,Иваново,Россия,Ivanovo,Russia,Стенд: 3B4-2,Stand: 3B4-2
"ЭЛАРА, АО",ELARA JSC,Чебоксары,Россия,Cheboksary,Russia,Стенд: 2E2-1,Stand: 2E2-1
ЭЛВИС-НеоТек,ELVIS-NeoTech,Москва,Россия,Moscow,Russia,Стенд: 1B9,Stand: 1B9
Элеконд,Elecond,Сарапул,Россия,Sarapul,Russia,Стенд: 1F1-11,Stand: 1F1-11
"ЭЛЕКТРА, ООО",ELECTRA LLC,Екатеринбург,Россия,Yekaterinburg,Russia,Стенд: 2F3-5,Stand: 2F3-5
"Электроавтомат, АО","Elektroavtomat, JSC",Алатырь,Россия,Alatyr,Russia,Стенд: 2F4-2,Stand: 2F4-2
Электроавтоматика им. П.А.Ефимова,Electroautomatics them. P.A. Efimova,Санкт-Петербург,Россия,Saint-Petersburg,Russia,Стенд: 4O1,Stand: 4O1
"Электроавтоматика, АО","Elektroavtomatika, JSC",Ставрополь,Россия,Stavropol,Russia,Стенд: 1F3-9,Stand: 1F3-9
"Электроагрегат, АО","Electric unit, JSC",Курск,Россия,Kursk,Russia,Стенд: 4O3,Stand: 4O3
"Электронные Компоненты, журнал",Electronic Components magazine,Москва,Россия,Moscow,Russia,,
"Электроприбор, АО Концерн ЦНИИ","Elektropribor, JSC Concern TsNII",Санкт-Петербург,Россия,Saint-Petersburg,Russia,"Стенд: 3C7, 1O7","Stand: 3C7, 1O7"
"Электросигнал, АО",Elektrosignal JSC,Воронеж,Россия,Voronezh,Russia,Стенд: Демоцентр,Stand: Democenter
"Электрощитовое оборудование, ООО","Switchboard equipment, LLC",Москва,Россия,Moscow,Russia,,
Элиот,Eliot,Санкт Петербург,Россия,Saint-Petersburg,Russia,,
"Элиот, ЗАО","Eliot, ZAO",,Россия,,Russia,Стенд: 5E3-4,Stand: 5E3-4
"ЭЛКУС, АО",ELKUS JSC,Санкт-Петербург,Россия,Saint-Petersburg,Russia,Стенд: 1C2-1,Stand: 1C2-1
ЭМИЛИНК,EMILINK,Кострома,Россия,Kostroma,Russia,Стенд: 4E5-7,Stand: 4E5-7
Энергетика и промышленность России,Energy and industry of Russia,Санкт-Петербург,Россия,Saint-Petersburg,Russia,Стенд: 4F2-5,Stand: 4F2-5
"Энергия, АО","Energy, JSC",Елец,Россия,Yelets,Russia,Стенд: 1B2-2,Stand: 1B2-2
ЭНИКС,ENIX,Казань,Россия,Kazan,Russia,Стенд: 2C5-2,Stand: 2C5-2
"ЭОКБ «Сигнал» им. А.И. Глухарева, АО","EOKB ""Signal"" them. A.I. Glukharev, JSC",Саратовская обл.,Россия,Saratov region,Russia,Стенд: 3B7-2,Stand: 3B7-2
"Эпсилон, АО","Epsilon, JSC",Санкт-Петербург,Россия,Saint-Petersburg,Russia,Стенд: 1E6-1,Stand: 1E6-1
Юмирс,Yumirs,Пенза,Россия,Penza,Russia,Стенд: 3F5-3,Stand: 3F5-3
ЮМССофт,UMSSoft,,Россия,,Russia,Стенд: 2E4-1,Stand: 2E4-1
"ЮНИКС ГРУПП, ООО","UNIX GROUP, LLC",Москва,Россия,Moscow,Russia,Стенд: 2F4-6,Stand: 2F4-6
Ямагучи,Yamaguchi,Москва,Россия,Moscow,Russia,Стенд: 3B5-3,Stand: 3B5-3
"Янтарь, АО","Yantar, JSC",Калининград,Россия,Kaliningrad,Russia,Стенд: Демоцентр,Stand: Democenter
"Ярославский радиозавод, АО","Yaroslavl Radio Plant, JSC",Ярославль,Россия,Yaroslavl,Russia,Стенд: VIP 3,Stand: VIP 3
Ярославский судостроительный завод ПАО,Yaroslavl shipbuilding plant PJSC,Ярославль,Россия,Yaroslavl,Russia,Стенд: 3E5-3,Stand: 3E5-3
"Ярпожинвест, ООО","Yarpozhinvest, OOO",Ярославль,Россия,Yaroslavl,Russia,,